id,ivr_test_index,annotator,word_index,word,start_s,end_s
ivr-hi-0000,0,ann1,0,क्योंकि,0.03,0.43
ivr-hi-0000,0,ann1,1,मेरे,0.427,0.747
ivr-hi-0000,0,ann1,2,घर,0.743,0.973
ivr-hi-0000,0,ann1,3,में,0.968,1.218
ivr-hi-0000,0,ann1,4,कुछ,1.213,1.393
ivr-hi-0000,0,ann1,5,लोग,1.391,1.651
ivr-hi-0000,0,ann1,6,को,1.646,1.786
ivr-hi-0000,0,ann1,7,चाय,1.784,2.074
ivr-hi-0000,0,ann1,8,पसंद,2.074,2.464
ivr-hi-0000,0,ann1,9,है,2.462,2.662
ivr-hi-0000,0,ann1,10,और,3.012,3.142
ivr-hi-0000,0,ann1,11,कुछ,3.135,3.345
ivr-hi-0000,0,ann1,12,लोग,3.339,3.599
ivr-hi-0000,0,ann1,13,को,3.594,3.874
ivr-hi-0000,0,ann1,14,कॉफी,3.874,4.294
ivr-hi-0000,0,ann1,15,पीना,4.287,4.587
ivr-hi-0000,0,ann1,16,पसंद,4.588,4.978
ivr-hi-0000,0,ann1,17,है,4.981,5.152
ivr-hi-0000,0,ann2,0,क्योंकि,0.03,0.43
ivr-hi-0000,0,ann2,1,मेरे,0.437,0.737
ivr-hi-0000,0,ann2,2,घर,0.738,0.928
ivr-hi-0000,0,ann2,3,में,0.927,1.197
ivr-hi-0000,0,ann2,4,कुछ,1.202,1.392
ivr-hi-0000,0,ann2,5,लोग,1.386,1.656
ivr-hi-0000,0,ann2,6,को,1.656,1.786
ivr-hi-0000,0,ann2,7,चाय,1.784,2.064
ivr-hi-0000,0,ann2,8,पसंद,2.064,2.464
ivr-hi-0000,0,ann2,9,है,2.467,2.657
ivr-hi-0000,0,ann2,10,और,3.001,3.171
ivr-hi-0000,0,ann2,11,कुछ,3.181,3.371
ivr-hi-0000,0,ann2,12,लोग,3.375,3.595
ivr-hi-0000,0,ann2,13,को,3.594,3.844
ivr-hi-0000,0,ann2,14,कॉफी,3.986,4.276
ivr-hi-0000,0,ann2,15,पीना,4.277,4.587
ivr-hi-0000,0,ann2,16,पसंद,4.583,4.973
ivr-hi-0000,0,ann2,17,है,4.976,5.152
ivr-hi-0001,1,ann1,0,क्योंकि,0.0,0.48
ivr-hi-0001,1,ann1,1,वह,0.724,0.984
ivr-hi-0001,1,ann1,2,ऐसा,0.986,1.386
ivr-hi-0001,1,ann1,3,बात,1.381,1.651
ivr-hi-0001,1,ann1,4,बोलते,1.649,2.149
ivr-hi-0001,1,ann1,5,हैं,2.145,2.395
ivr-hi-0001,1,ann1,6,जो,2.677,3.087
ivr-hi-0001,1,ann1,7,हम,3.242,3.602
ivr-hi-0001,1,ann1,8,नॉर्मल,3.6,4.05
ivr-hi-0001,1,ann1,9,लोग,4.046,4.296
ivr-hi-0001,1,ann1,10,नहीं,4.355,4.655
ivr-hi-0001,1,ann1,11,समझ,4.653,4.983
ivr-hi-0001,1,ann1,12,पाते,4.982,5.352
ivr-hi-0001,1,ann1,13,हैं,5.353,5.583
ivr-hi-0001,1,ann2,0,क्योंकि,0.016,0.486
ivr-hi-0001,1,ann2,1,वह,0.74,0.93
ivr-hi-0001,1,ann2,2,ऐसा,0.937,1.387
ivr-hi-0001,1,ann2,3,बात,1.387,1.667
ivr-hi-0001,1,ann2,4,बोलते,1.666,2.106
ivr-hi-0001,1,ann2,5,हैं,2.1,2.35
ivr-hi-0001,1,ann2,6,जो,2.635,3.075
ivr-hi-0001,1,ann2,7,हम,3.215,3.595
ivr-hi-0001,1,ann2,8,नॉर्मल,3.594,4.034
ivr-hi-0001,1,ann2,9,लोग,4.035,4.295
ivr-hi-0001,1,ann2,10,नहीं,4.291,4.631
ivr-hi-0001,1,ann2,11,समझ,4.631,5.001
ivr-hi-0001,1,ann2,12,पाते,4.999,5.359
ivr-hi-0001,1,ann2,13,हैं,5.361,5.611
ivr-hi-0002,2,ann1,0,हेलो,0.009,0.469
ivr-hi-0002,2,ann1,1,क्या,0.767,0.987
ivr-hi-0002,2,ann1,2,मेरी,0.989,1.299
ivr-hi-0002,2,ann1,3,बात,1.291,1.581
ivr-hi-0002,2,ann1,4,स्वादिष्ट,1.594,2.244
ivr-hi-0002,2,ann1,5,व्यंजन,2.243,2.873
ivr-hi-0002,2,ann1,6,रेस्टोरेंट,3.297,4.057
ivr-hi-0002,2,ann1,7,के,4.047,4.297
ivr-hi-0002,2,ann1,8,मालिक,4.612,5.042
ivr-hi-0002,2,ann1,9,से,5.035,5.245
ivr-hi-0002,2,ann1,10,हो,5.243,5.413
ivr-hi-0002,2,ann1,11,रही,5.41,5.77
ivr-hi-0002,2,ann1,12,है,5.767,6.015
ivr-hi-0002,2,ann2,0,हेलो,0.005,0.435
ivr-hi-0002,2,ann2,1,क्या,0.767,0.967
ivr-hi-0002,2,ann2,2,मेरी,0.975,1.235
ivr-hi-0002,2,ann2,3,बात,1.237,1.547
ivr-hi-0002,2,ann2,4,स्वादिष्ट,1.547,2.287
ivr-hi-0002,2,ann2,5,व्यंजन,2.277,2.907
ivr-hi-0002,2,ann2,6,रेस्टोरेंट,3.303,4.053
ivr-hi-0002,2,ann2,7,के,4.053,4.303
ivr-hi-0002,2,ann2,8,मालिक,4.618,4.998
ivr-hi-0002,2,ann2,9,से,4.993,5.213
ivr-hi-0002,2,ann2,10,हो,5.214,5.394
ivr-hi-0002,2,ann2,11,रही,5.398,5.748
ivr-hi-0002,2,ann2,12,है,5.744,5.994
ivr-hi-0003,3,ann1,0,विद्धि,0.092,0.472
ivr-hi-0003,3,ann1,1,करने,0.539,0.829
ivr-hi-0003,3,ann1,2,में,0.84,1.1
ivr-hi-0003,3,ann1,3,मदद,1.337,1.717
ivr-hi-0003,3,ann1,4,करते,1.826,2.158
ivr-hi-0003,3,ann1,5,हैं,2.164,2.374
ivr-hi-0003,3,ann1,6,जैसे,2.769,3.228
ivr-hi-0003,3,ann1,7,कि,3.304,3.484
ivr-hi-0003,3,ann1,8,यहाँ,3.867,4.167
ivr-hi-0003,3,ann1,9,पे,4.261,4.431
ivr-hi-0003,3,ann1,10,कई,4.723,5.013
ivr-hi-0003,3,ann1,11,सारे,5.028,5.418
ivr-hi-0003,3,ann1,12,ऐसे,5.432,5.802
ivr-hi-0003,3,ann1,13,इस्कूल,5.811,6.261
ivr-hi-0003,3,ann2,0,विद्धि,0.08,0.51
ivr-hi-0003,3,ann2,1,करने,0.51,0.85
ivr-hi-0003,3,ann2,2,में,0.854,1.104
ivr-hi-0003,3,ann2,3,मदद,1.328,1.818
ivr-hi-0003,3,ann2,4,करते,1.827,2.187
ivr-hi-0003,3,ann2,5,हैं,2.189,2.439
ivr-hi-0003,3,ann2,6,जैसे,2.744,3.264
ivr-hi-0003,3,ann2,7,कि,3.262,3.542
ivr-hi-0003,3,ann2,8,यहाँ,3.849,4.209
ivr-hi-0003,3,ann2,9,पे,4.205,4.465
ivr-hi-0003,3,ann2,10,कई,4.71,5.03
ivr-hi-0003,3,ann2,11,सारे,5.041,5.381
ivr-hi-0003,3,ann2,12,ऐसे,5.378,5.808
ivr-hi-0003,3,ann2,13,इस्कूल,5.815,6.295
ivr-hi-0004,4,ann1,0,किताबों,0.018,0.638
ivr-hi-0004,4,ann1,1,के,0.635,0.835
ivr-hi-0004,4,ann1,2,अलावा,0.828,1.438
ivr-hi-0004,4,ann1,3,ऐसे,1.76,2.18
ivr-hi-0004,4,ann1,4,कई,2.178,2.568
ivr-hi-0004,4,ann1,5,पत्रिका,2.564,3.394
ivr-hi-0004,4,ann1,6,ब्लॉग,3.58,3.97
ivr-hi-0004,4,ann1,7,या,3.966,4.216
ivr-hi-0004,4,ann1,8,समाचार,4.216,4.776
ivr-hi-0004,4,ann1,9,पत्र,4.769,5.109
ivr-hi-0004,4,ann1,10,है,5.104,5.354
ivr-hi-0004,4,ann1,11,जिसे,5.354,5.604
ivr-hi-0004,4,ann1,12,हम,5.605,5.855
ivr-hi-0004,4,ann1,13,पढ़ते,5.856,6.266
ivr-hi-0004,4,ann1,14,हैं,6.261,6.496
ivr-hi-0006,6,ann1,0,हमारे,0.058,0.548
ivr-hi-0006,6,ann1,1,ज़िले,0.544,0.914
ivr-hi-0006,6,ann1,2,में,0.91,1.16
ivr-hi-0006,6,ann1,3,कई,1.411,1.661
ivr-hi-0006,6,ann1,4,जगह,1.65,2.03
ivr-hi-0006,6,ann1,5,पे,2.024,2.174
ivr-hi-0006,6,ann1,6,आसपास,2.174,2.764
ivr-hi-0006,6,ann1,7,बदलती,2.757,3.237
ivr-hi-0006,6,ann1,8,भाषाएँ,3.235,3.865
ivr-hi-0006,6,ann1,9,हैं,3.863,4.113
ivr-hi-0006,6,ann1,10,कुछ,4.461,4.671
ivr-hi-0006,6,ann1,11,दूर,4.67,4.92
ivr-hi-0006,6,ann1,12,में,4.909,5.189
ivr-hi-0006,6,ann1,13,बहोत,5.343,5.623
ivr-hi-0006,6,ann1,14,सारी,5.627,5.887
ivr-hi-0006,6,ann1,15,भाषाएँ,5.888,6.398
ivr-hi-0006,6,ann1,16,बदल,6.598,6.898
ivr-hi-0006,6,ann1,17,जाती,6.882,7.282
ivr-hi-0006,6,ann1,18,हैं,7.286,7.536
ivr-hi-0007,7,ann1,0,जिसके,0.038,0.488
ivr-hi-0007,7,ann1,1,कारण,0.519,1.009
ivr-hi-0007,7,ann1,2,वह,1.265,1.545
ivr-hi-0007,7,ann1,3,अच्छे,1.571,1.971
ivr-hi-0007,7,ann1,4,से,1.965,2.225
ivr-hi-0007,7,ann1,5,चल,2.41,2.63
ivr-hi-0007,7,ann1,6,रहा,2.626,2.956
ivr-hi-0007,7,ann1,7,है,2.956,3.146
ivr-hi-0007,7,ann1,8,और,3.703,3.903
ivr-hi-0007,7,ann1,9,बिल्कुल,3.908,4.338
ivr-hi-0007,7,ann1,10,भी,4.341,4.531
ivr-hi-0007,7,ann1,11,खराब,4.529,4.899
ivr-hi-0007,7,ann1,12,नहीं,5.072,5.322
ivr-hi-0007,7,ann1,13,है,5.324,5.534
ivr-hi-0007,7,ann1,14,इसलिए,5.536,6.006
ivr-hi-0007,7,ann1,15,मुझे,6.008,6.328
ivr-hi-0007,7,ann1,16,यह,6.331,6.541
ivr-hi-0007,7,ann1,17,बहोत,6.645,6.935
ivr-hi-0007,7,ann1,18,पसंद,6.95,7.32
ivr-hi-0007,7,ann1,19,आया,7.322,7.692
ivr-hi-0008,8,ann1,0,हाँ,0.0,0.34
ivr-hi-0008,8,ann1,1,मैंने,0.512,0.952
ivr-hi-0008,8,ann1,2,अभी,0.948,1.468
ivr-hi-0008,8,ann1,3,कुछ,1.47,1.72
ivr-hi-0008,8,ann1,4,दिनों,1.714,2.124
ivr-hi-0008,8,ann1,5,पहले,2.123,2.543
ivr-hi-0008,8,ann1,6,एक,3.064,3.574
ivr-hi-0008,8,ann1,7,पेन,4.005,4.285
ivr-hi-0008,8,ann1,8,खरीदा,4.292,4.832
ivr-hi-0008,8,ann1,9,था,4.823,5.163
ivr-hi-0008,8,ann1,10,मतलब,5.442,5.952
ivr-hi-0008,8,ann1,11,मैंने,6.173,6.533
ivr-hi-0008,8,ann1,12,उस,6.539,6.799
ivr-hi-0008,8,ann1,13,पेन,6.792,7.042
ivr-hi-0008,8,ann1,14,का,7.036,7.286
ivr-hi-0008,8,ann1,15,पूरा,7.288,7.698
ivr-hi-0008,8,ann1,16,पैकेट,7.715,8.095
ivr-hi-0008,8,ann1,17,खरीदा,8.089,8.569
ivr-hi-0008,8,ann1,18,था,8.577,8.8
ivr-hi-0008,8,ann2,0,हाँ,0.033,0.343
ivr-hi-0008,8,ann2,1,मैंने,0.521,0.961
ivr-hi-0008,8,ann2,2,अभी,0.956,1.476
ivr-hi-0008,8,ann2,3,कुछ,1.47,1.8
ivr-hi-0008,8,ann2,4,दिनों,1.801,2.121
ivr-hi-0008,8,ann2,5,पहले,2.132,2.562
ivr-hi-0008,8,ann2,6,एक,3.081,3.551
ivr-hi-0008,8,ann2,7,पेन,4.013,4.273
ivr-hi-0008,8,ann2,8,खरीदा,4.266,4.816
ivr-hi-0008,8,ann2,9,था,4.815,5.125
ivr-hi-0008,8,ann2,10,मतलब,5.407,5.967
ivr-hi-0008,8,ann2,11,मैंने,6.173,6.553
ivr-hi-0008,8,ann2,12,उस,6.548,6.798
ivr-hi-0008,8,ann2,13,पेन,6.792,7.042
ivr-hi-0008,8,ann2,14,का,7.044,7.284
ivr-hi-0008,8,ann2,15,पूरा,7.288,7.718
ivr-hi-0008,8,ann2,16,पैकेट,7.706,8.116
ivr-hi-0008,8,ann2,17,खरीदा,8.116,8.576
ivr-hi-0008,8,ann2,18,था,8.577,8.8
ivr-hi-0009,9,ann1,0,पर,0.007,0.217
ivr-hi-0009,9,ann1,1,वह,0.214,0.434
ivr-hi-0009,9,ann1,2,बिल्कुल,0.787,1.217
ivr-hi-0009,9,ann1,3,भी,1.217,1.377
ivr-hi-0009,9,ann1,4,अच्छा,1.376,1.686
ivr-hi-0009,9,ann1,5,नहीं,1.695,2.035
ivr-hi-0009,9,ann1,6,निकला,2.023,2.303
ivr-hi-0009,9,ann1,7,क्योंकि,2.867,3.327
ivr-hi-0009,9,ann1,8,मैं,3.326,3.546
ivr-hi-0009,9,ann1,9,इसे,3.739,4.159
ivr-hi-0009,9,ann1,10,मेहंगे,4.554,5.024
ivr-hi-0009,9,ann1,11,दाम,5.023,5.353
ivr-hi-0009,9,ann1,12,पे,5.351,5.481
ivr-hi-0009,9,ann1,13,खरीदा,5.482,5.982
ivr-hi-0009,9,ann1,14,था,5.97,6.22
ivr-hi-0009,9,ann1,15,पर,6.682,6.882
ivr-hi-0009,9,ann1,16,इसकी,6.879,7.319
ivr-hi-0009,9,ann1,17,इंक,7.32,7.79
ivr-hi-0009,9,ann1,18,बिल्कुल,7.798,8.298
ivr-hi-0009,9,ann1,19,भी,8.295,8.445
ivr-hi-0009,9,ann1,20,अच्छी,8.445,8.885
ivr-hi-0009,9,ann1,21,नहीं,8.895,9.245
ivr-hi-0009,9,ann1,22,है,9.251,9.472
ivr-hi-0009,9,ann2,0,पर,0.017,0.237
ivr-hi-0009,9,ann2,1,वह,0.242,0.492
ivr-hi-0009,9,ann2,2,बिल्कुल,0.729,1.199
ivr-hi-0009,9,ann2,3,भी,1.198,1.288
ivr-hi-0009,9,ann2,4,अच्छा,1.282,1.682
ivr-hi-0009,9,ann2,5,नहीं,1.686,1.956
ivr-hi-0009,9,ann2,6,निकला,1.957,2.337
ivr-hi-0009,9,ann2,7,क्योंकि,2.857,3.327
ivr-hi-0009,9,ann2,8,मैं,3.326,3.526
ivr-hi-0009,9,ann2,9,इसे,3.691,4.171
ivr-hi-0009,9,ann2,10,मेहंगे,4.545,5.005
ivr-hi-0009,9,ann2,11,दाम,5.004,5.334
ivr-hi-0009,9,ann2,12,पे,5.332,5.482
ivr-hi-0009,9,ann2,13,खरीदा,5.482,5.982
ivr-hi-0009,9,ann2,14,था,5.988,6.238
ivr-hi-0009,9,ann2,15,पर,6.663,6.883
ivr-hi-0009,9,ann2,16,इसकी,6.888,7.368
ivr-hi-0009,9,ann2,17,इंक,7.366,7.766
ivr-hi-0009,9,ann2,18,बिल्कुल,7.77,8.28
ivr-hi-0009,9,ann2,19,भी,8.285,8.425
ivr-hi-0009,9,ann2,20,अच्छी,8.435,8.885
ivr-hi-0009,9,ann2,21,नहीं,8.895,9.245
ivr-hi-0009,9,ann2,22,है,9.241,9.472
ivr-hi-0010,10,ann1,0,हाँ,0.188,0.578
ivr-hi-0010,10,ann1,1,मैं,0.79,0.95
ivr-hi-0010,10,ann1,2,ऐसे,0.941,1.331
ivr-hi-0010,10,ann1,3,पाँच,1.332,1.782
ivr-hi-0010,10,ann1,4,अंतरराष्ट्रीय,1.773,2.793
ivr-hi-0010,10,ann1,5,सहरों,2.796,3.256
ivr-hi-0010,10,ann1,6,के,3.258,3.438
ivr-hi-0010,10,ann1,7,नाम,3.428,3.748
ivr-hi-0010,10,ann1,8,बता,3.739,4.039
ivr-hi-0010,10,ann1,9,सकती,4.03,4.57
ivr-hi-0010,10,ann1,10,हूँ,4.562,4.812
ivr-hi-0010,10,ann1,11,सिंगापूर,5.153,5.993
ivr-hi-0010,10,ann1,12,पैरिस,6.347,7.147
ivr-hi-0010,10,ann1,13,लंदन,7.139,7.999
ivr-hi-0010,10,ann1,14,होंगकोंग,8.283,9.093
ivr-hi-0010,10,ann1,15,टोकियो,9.416,10.116
ivr-hi-0010,10,ann2,0,हाँ,0.221,0.511
ivr-hi-0010,10,ann2,1,मैं,0.803,0.963
ivr-hi-0010,10,ann2,2,ऐसे,0.984,1.274
ivr-hi-0010,10,ann2,3,पाँच,1.395,1.685
ivr-hi-0010,10,ann2,4,अंतरराष्ट्रीय,1.846,2.786
ivr-hi-0010,10,ann2,5,सहरों,2.89,3.22
ivr-hi-0010,10,ann2,6,के,3.301,3.431
ivr-hi-0010,10,ann2,7,नाम,3.452,3.682
ivr-hi-0010,10,ann2,8,बता,3.713,4.033
ivr-hi-0010,10,ann2,9,सकती,4.074,4.564
ivr-hi-0010,10,ann2,10,हूँ,4.585,4.865
ivr-hi-0010,10,ann2,11,सिंगापूर,5.208,6.028
ivr-hi-0010,10,ann2,12,पैरिस,6.372,7.042
ivr-hi-0010,10,ann2,13,लंदन,7.214,8.044
ivr-hi-0010,10,ann2,14,होंगकोंग,8.308,9.048
ivr-hi-0010,10,ann2,15,टोकियो,9.422,9.992
ivr-hi-0011,11,ann1,0,हाँ,0.0,0.35
ivr-hi-0011,11,ann1,1,मैं,0.569,0.779
ivr-hi-0011,11,ann1,2,अपने,0.784,1.224
ivr-hi-0011,11,ann1,3,पाँच,1.225,1.625
ivr-hi-0011,11,ann1,4,पड़ोसियो,1.613,2.223
ivr-hi-0011,11,ann1,5,का,2.227,2.377
ivr-hi-0011,11,ann1,6,नाम,2.378,2.818
ivr-hi-0011,11,ann1,7,बता,2.819,3.239
ivr-hi-0011,11,ann1,8,सकती,3.228,3.688
ivr-hi-0011,11,ann1,9,हूँ,3.67,3.94
ivr-hi-0011,11,ann1,10,सीता,4.262,4.702
ivr-hi-0011,11,ann1,11,केशरी,4.714,5.274
ivr-hi-0011,11,ann1,12,आरती,5.565,6.055
ivr-hi-0011,11,ann1,13,कुमारी,6.06,6.653
ivr-hi-0011,11,ann1,14,विष्णुकांत,6.943,7.613
ivr-hi-0011,11,ann1,15,केशरी,7.611,8.221
ivr-hi-0011,11,ann1,16,अंजली,8.548,9.028
ivr-hi-0011,11,ann1,17,गुप्ता,9.022,9.602
ivr-hi-0011,11,ann1,18,रूबी,9.905,10.255
ivr-hi-0011,11,ann1,19,अग्रहरि,10.26,10.87
ivr-hi-0011,11,ann2,0,हाँ,0.009,0.359
ivr-hi-0011,11,ann2,1,मैं,0.572,0.752
ivr-hi-0011,11,ann2,2,अपने,0.741,1.221
ivr-hi-0011,11,ann2,3,पाँच,1.215,1.605
ivr-hi-0011,11,ann2,4,पड़ोसियो,1.602,2.212
ivr-hi-0011,11,ann2,5,का,2.205,2.365
ivr-hi-0011,11,ann2,6,नाम,2.356,2.796
ivr-hi-0011,11,ann2,7,बता,2.798,3.198
ivr-hi-0011,11,ann2,8,सकती,3.196,3.686
ivr-hi-0011,11,ann2,9,हूँ,3.681,3.931
ivr-hi-0011,11,ann2,10,सीता,4.23,4.68
ivr-hi-0011,11,ann2,11,केशरी,4.682,5.282
ivr-hi-0011,11,ann2,12,आरती,5.543,6.033
ivr-hi-0011,11,ann2,13,कुमारी,6.039,6.649
ivr-hi-0011,11,ann2,14,विष्णुकांत,6.9,7.6
ivr-hi-0011,11,ann2,15,केशरी,7.589,8.239
ivr-hi-0011,11,ann2,16,अंजली,8.526,9.026
ivr-hi-0011,11,ann2,17,गुप्ता,9.032,9.622
ivr-hi-0011,11,ann2,18,रूबी,9.861,10.231
ivr-hi-0011,11,ann2,19,अग्रहरि,10.228,10.868
ivr-hi-0013,13,ann1,0,पाँच,0.002,0.432
ivr-hi-0013,13,ann1,1,जनवरी,0.432,1.022
ivr-hi-0013,13,ann2,0,पाँच,0.026,0.295
ivr-hi-0013,13,ann2,1,जनवरी,0.366,1.006
ivr-hi-0014,14,ann1,0,या,0.0,0.328
ivr-hi-0014,14,ann1,1,फिर,0.327,0.757
ivr-hi-0014,14,ann1,2,वेज़,2.129,2.359
ivr-hi-0014,14,ann1,3,नॉनवेज़,2.358,2.778
ivr-hi-0014,14,ann1,4,में,2.779,2.939
ivr-hi-0014,14,ann2,0,या,0.038,0.348
ivr-hi-0014,14,ann2,1,फिर,0.361,0.811
ivr-hi-0014,14,ann2,2,वेज़,2.116,2.366
ivr-hi-0014,14,ann2,3,नॉनवेज़,2.351,2.711
ivr-hi-0014,14,ann2,4,में,2.794,2.969
ivr-hi-0015,15,ann1,0,नमस्ते,0.0,0.313
ivr-hi-0015,15,ann1,1,भइया,0.309,0.609
ivr-hi-0015,15,ann1,2,हम,1.752,1.812
ivr-hi-0015,15,ann1,3,ने,1.813,1.903
ivr-hi-0015,15,ann1,4,आपका,1.907,2.147
ivr-hi-0015,15,ann1,5,कैब,2.152,2.392
ivr-hi-0015,15,ann1,6,बुक,2.387,2.617
ivr-hi-0015,15,ann1,7,किया,2.616,2.896
ivr-hi-0015,15,ann1,8,था,2.893,3.123
ivr-hi-0015,15,ann1,9,ओला,3.672,3.872
ivr-hi-0015,15,ann1,10,से,3.871,4.078
ivr-hi-0015,15,ann2,0,नमस्ते,0.003,0.333
ivr-hi-0015,15,ann2,1,भइया,0.329,0.659
ivr-hi-0015,15,ann2,2,हम,1.711,1.821
ivr-hi-0015,15,ann2,3,ने,1.821,1.921
ivr-hi-0015,15,ann2,4,आपका,1.919,2.179
ivr-hi-0015,15,ann2,5,कैब,2.184,2.394
ivr-hi-0015,15,ann2,6,बुक,2.396,2.616
ivr-hi-0015,15,ann2,7,किया,2.616,2.896
ivr-hi-0015,15,ann2,8,था,2.893,3.203
ivr-hi-0015,15,ann2,9,ओला,3.625,3.895
ivr-hi-0015,15,ann2,10,से,3.895,4.118
ivr-hi-0016,16,ann1,0,रोटी,0.005,0.365
ivr-hi-0016,16,ann1,1,बनाना,0.361,0.821
ivr-hi-0016,16,ann1,2,सब्जी,0.818,1.088
ivr-hi-0016,16,ann1,3,बनाना,1.086,1.486
ivr-hi-0016,16,ann1,4,चावल,1.489,1.839
ivr-hi-0016,16,ann1,5,बनाना,1.838,2.328
ivr-hi-0016,16,ann1,6,दाल,2.322,2.592
ivr-hi-0016,16,ann1,7,बनाना,2.59,3.0
ivr-hi-0016,16,ann1,8,और,3.383,3.873
ivr-hi-0016,16,ann1,9,चावल,3.879,4.169
ivr-hi-0016,16,ann1,10,में,4.168,4.328
ivr-hi-0016,16,ann1,11,कितना,4.329,4.559
ivr-hi-0016,16,ann1,12,ज़ादा,4.558,4.828
ivr-hi-0016,16,ann1,13,पानी,4.833,5.063
ivr-hi-0016,16,ann1,14,डाला,5.061,5.311
ivr-hi-0016,16,ann1,15,जाता,5.303,5.583
ivr-hi-0016,16,ann1,16,है,5.578,5.778
ivr-hi-0016,16,ann1,17,ताकि,5.78,6.02
ivr-hi-0016,16,ann1,18,वो,6.021,6.211
ivr-hi-0016,16,ann1,19,बहोत,6.209,6.449
ivr-hi-0016,16,ann1,20,ज़ादा,6.451,6.781
ivr-hi-0016,16,ann2,0,रोटी,0.0,0.35
ivr-hi-0016,16,ann2,1,बनाना,0.355,0.755
ivr-hi-0016,16,ann2,2,सब्जी,0.757,1.097
ivr-hi-0016,16,ann2,3,बनाना,1.093,1.463
ivr-hi-0016,16,ann2,4,चावल,1.462,1.802
ivr-hi-0016,16,ann2,5,बनाना,1.798,2.308
ivr-hi-0016,16,ann2,6,दाल,2.308,2.578
ivr-hi-0016,16,ann2,7,बनाना,2.57,2.96
ivr-hi-0016,16,ann2,8,और,3.389,3.869
ivr-hi-0016,16,ann2,9,चावल,3.873,4.163
ivr-hi-0016,16,ann2,10,में,4.161,4.331
ivr-hi-0016,16,ann2,11,कितना,4.329,4.549
ivr-hi-0016,16,ann2,12,ज़ादा,4.544,4.854
ivr-hi-0016,16,ann2,13,पानी,4.853,5.073
ivr-hi-0016,16,ann2,14,डाला,5.068,5.298
ivr-hi-0016,16,ann2,15,जाता,5.296,5.606
ivr-hi-0016,16,ann2,16,है,5.605,5.755
ivr-hi-0016,16,ann2,17,ताकि,5.753,6.023
ivr-hi-0016,16,ann2,18,वो,6.021,6.221
ivr-hi-0016,16,ann2,19,बहोत,6.216,6.446
ivr-hi-0016,16,ann2,20,ज़ादा,6.444,6.764
ivr-hi-0018,18,ann1,0,प्रियदर्शनी,0.25,1.08
ivr-hi-0018,18,ann1,1,हैं,1.074,1.374
ivr-hi-0018,18,ann1,2,जो,1.979,2.239
ivr-hi-0018,18,ann1,3,देखने,2.239,2.669
ivr-hi-0018,18,ann1,4,लायक,2.668,3.018
ivr-hi-0018,18,ann1,5,है,3.159,3.379
ivr-hi-0018,18,ann1,6,और,4.005,4.485
ivr-hi-0018,18,ann1,7,वहाँ,4.485,4.755
ivr-hi-0018,18,ann1,8,पे,4.83,5.12
ivr-hi-0019,19,ann1,0,अच्छे,0.036,0.346
ivr-hi-0019,19,ann1,1,तरीके,0.346,0.736
ivr-hi-0019,19,ann1,2,से,0.736,1.016
ivr-hi-0019,19,ann1,3,खे,1.349,1.619
ivr-hi-0019,19,ann1,4,खिला,1.616,1.936
ivr-hi-0019,19,ann1,5,पाती,1.942,2.332
ivr-hi-0019,19,ann1,6,थी,2.331,2.591
ivr-hi-0019,19,ann1,7,और,2.887,3.157
ivr-hi-0019,19,ann1,8,इसी,3.153,3.503
ivr-hi-0019,19,ann1,9,कारण,3.506,3.866
ivr-hi-0019,19,ann1,10,से,3.869,4.189
ivr-hi-0019,19,ann1,11,मेरे,4.402,4.672
ivr-hi-0019,19,ann1,12,टीम,4.664,4.944
ivr-hi-0019,19,ann1,13,के,4.942,5.092
ivr-hi-0019,19,ann1,14,लोग,5.086,5.386
ivr-hi-0019,19,ann2,0,अच्छे,0.026,0.336
ivr-hi-0019,19,ann2,1,तरीके,0.335,0.705
ivr-hi-0019,19,ann2,2,से,0.703,1.013
ivr-hi-0019,19,ann2,3,खे,1.339,1.609
ivr-hi-0019,19,ann2,4,खिला,1.606,1.946
ivr-hi-0019,19,ann2,5,पाती,1.947,2.337
ivr-hi-0019,19,ann2,6,थी,2.337,2.587
ivr-hi-0019,19,ann2,7,और,2.876,3.126
ivr-hi-0019,19,ann2,8,इसी,3.134,3.514
ivr-hi-0019,19,ann2,9,कारण,3.506,3.836
ivr-hi-0019,19,ann2,10,से,3.831,4.191
ivr-hi-0019,19,ann2,11,मेरे,4.392,4.642
ivr-hi-0019,19,ann2,12,टीम,4.643,4.943
ivr-hi-0019,19,ann2,13,के,4.942,5.102
ivr-hi-0019,19,ann2,14,लोग,5.107,5.387
ivr-hi-0020,20,ann1,0,कब्ज,0.01,0.28
ivr-hi-0020,20,ann1,1,को,0.36,0.445
ivr-hi-0020,20,ann1,2,दूर,0.547,0.797
ivr-hi-0020,20,ann1,3,करने,0.879,1.169
ivr-hi-0020,20,ann1,4,के,1.253,1.413
ivr-hi-0020,20,ann1,5,लिए,1.41,1.73
ivr-hi-0020,20,ann1,6,मेरे,2.111,2.341
ivr-hi-0020,20,ann1,7,गाँव,2.409,2.679
ivr-hi-0020,20,ann1,8,में,2.746,3.066
ivr-hi-0020,20,ann1,9,यहाँ,3.135,3.385
ivr-hi-0020,20,ann1,10,प्रचलित,3.425,4.095
ivr-hi-0020,20,ann1,11,कुछ,4.315,4.575
ivr-hi-0020,20,ann1,12,घरेलु,4.58,5.1
ivr-hi-0020,20,ann1,13,उपाय,5.103,5.533
ivr-hi-0020,20,ann1,14,हैं,5.533,5.813
ivr-hi-0020,20,ann2,0,कब्ज,0.028,0.368
ivr-hi-0020,20,ann2,1,को,0.37,0.55
ivr-hi-0020,20,ann2,2,दूर,0.545,0.895
ivr-hi-0020,20,ann2,3,करने,0.887,1.257
ivr-hi-0020,20,ann2,4,के,1.253,1.393
ivr-hi-0020,20,ann2,5,लिए,1.387,1.767
ivr-hi-0020,20,ann2,6,मेरे,2.095,2.375
ivr-hi-0020,20,ann2,7,गाँव,2.374,2.744
ivr-hi-0020,20,ann2,8,में,2.745,3.045
ivr-hi-0020,20,ann2,9,यहाँ,3.042,3.442
ivr-hi-0020,20,ann2,10,प्रचलित,3.442,4.282
ivr-hi-0020,20,ann2,11,कुछ,4.278,4.578
ivr-hi-0020,20,ann2,12,घरेलु,4.58,5.08
ivr-hi-0020,20,ann2,13,उपाय,5.074,5.534
ivr-hi-0020,20,ann2,14,हैं,5.533,5.863
ivr-hi-0021,21,ann1,0,हमारे,0.0,0.5
ivr-hi-0021,21,ann1,1,गाँव,0.495,0.775
ivr-hi-0021,21,ann1,2,में,0.783,1.153
ivr-hi-0021,21,ann1,3,प्रमुख,1.348,1.748
ivr-hi-0021,21,ann1,4,व्यवसाय,1.747,2.547
ivr-hi-0021,21,ann1,5,देखा,2.545,3.085
ivr-hi-0021,21,ann1,6,जाए,3.078,3.448
ivr-hi-0021,21,ann1,7,तो,3.441,3.841
ivr-hi-0021,21,ann1,8,एक,4.578,5.138
ivr-hi-0021,21,ann1,9,क्रषी,5.249,5.779
ivr-hi-0021,21,ann1,10,है,5.782,6.102
ivr-hi-0021,21,ann2,0,हमारे,0.0,0.5
ivr-hi-0021,21,ann2,1,गाँव,0.501,0.791
ivr-hi-0021,21,ann2,2,में,0.785,1.135
ivr-hi-0021,21,ann2,3,प्रमुख,1.36,1.74
ivr-hi-0021,21,ann2,4,व्यवसाय,1.741,2.451
ivr-hi-0021,21,ann2,5,देखा,2.64,3.08
ivr-hi-0021,21,ann2,6,जाए,3.078,3.438
ivr-hi-0021,21,ann2,7,तो,3.435,3.835
ivr-hi-0021,21,ann2,8,एक,4.518,5.188
ivr-hi-0021,21,ann2,9,क्रषी,5.183,5.763
ivr-hi-0021,21,ann2,10,है,5.764,6.104
ivr-hi-0022,22,ann1,0,जी,0.082,0.312
ivr-hi-0022,22,ann1,1,सर,0.31,0.64
ivr-hi-0022,22,ann1,2,मेरा,1.931,2.181
ivr-hi-0022,22,ann1,3,ऐड्रेस,2.176,2.706
ivr-hi-0022,22,ann1,4,है,2.706,3.046
ivr-hi-0022,22,ann1,5,सी,3.969,4.239
ivr-hi-0022,22,ann1,6,टू,4.241,4.431
ivr-hi-0022,22,ann1,7,बी,4.426,4.626
ivr-hi-0022,22,ann1,8,नेताजी,4.625,5.155
ivr-hi-0022,22,ann1,9,हील्स,5.154,5.644
ivr-hi-0022,22,ann1,10,सोसायटी,5.929,6.619
ivr-hi-0023,23,ann1,0,इसकी,1.192,1.562
ivr-hi-0023,23,ann1,1,संस्था,1.77,2.3
ivr-hi-0023,23,ann1,2,है,2.308,2.528
ivr-hi-0023,23,ann1,3,और,2.973,3.103
ivr-hi-0023,23,ann1,4,अच्छे,3.145,3.405
ivr-hi-0023,23,ann1,5,से,3.407,3.577
ivr-hi-0023,23,ann1,6,लोग,3.677,4.046
ivr-hi-0023,23,ann1,7,विद्या,5.173,5.576
ivr-hi-0023,23,ann1,8,अध्यन,5.701,6.211
ivr-hi-0023,23,ann1,9,कर,6.225,6.475
ivr-hi-0023,23,ann1,10,करते,6.719,7.079
ivr-hi-0023,23,ann1,11,हैं,7.092,7.392
ivr-hi-0023,23,ann2,0,इसकी,1.16,1.76
ivr-hi-0023,23,ann2,1,संस्था,1.762,2.312
ivr-hi-0023,23,ann2,2,है,2.316,2.566
ivr-hi-0023,23,ann2,3,और,2.966,3.156
ivr-hi-0023,23,ann2,4,अच्छे,3.153,3.453
ivr-hi-0023,23,ann2,5,से,3.452,3.652
ivr-hi-0023,23,ann2,6,लोग,3.653,4.043
ivr-hi-0023,23,ann2,7,विद्या,5.148,5.868
ivr-hi-0023,23,ann2,8,अध्यन,5.858,6.278
ivr-hi-0023,23,ann2,9,कर,6.294,6.754
ivr-hi-0023,23,ann2,10,करते,6.763,7.163
ivr-hi-0023,23,ann2,11,हैं,7.151,7.451
ivr-hi-0024,24,ann1,0,जी,0.006,0.336
ivr-hi-0024,24,ann1,1,हमारे,0.339,0.819
ivr-hi-0024,24,ann1,2,यहाँ,0.816,1.136
ivr-hi-0024,24,ann1,3,पे,1.134,1.434
ivr-hi-0024,24,ann1,4,केन्सर,1.429,1.999
ivr-hi-0024,24,ann1,5,जैसे,1.997,2.467
ivr-hi-0024,24,ann1,6,और,2.459,2.749
ivr-hi-0024,24,ann1,7,हर्दय,2.746,3.126
ivr-hi-0024,24,ann1,8,जैसे,3.125,3.605
ivr-hi-0024,24,ann1,9,रोग,4.078,4.428
ivr-hi-0024,24,ann1,10,की,4.427,4.677
ivr-hi-0024,24,ann1,11,गंभीर,4.676,5.226
ivr-hi-0024,24,ann1,12,बिमारीयाँ,5.191,5.831
ivr-hi-0024,24,ann1,13,का,5.819,6.069
ivr-hi-0024,24,ann1,14,इलाज,6.062,6.452
ivr-hi-0024,24,ann1,15,की,6.455,6.605
ivr-hi-0024,24,ann1,16,सुविधा,6.599,7.179
ivr-hi-0024,24,ann1,17,है,7.182,7.592
ivr-hi-0024,24,ann2,0,जी,0.006,0.256
ivr-hi-0024,24,ann2,1,हमारे,0.458,0.848
ivr-hi-0024,24,ann2,2,यहाँ,0.854,1.144
ivr-hi-0024,24,ann2,3,पे,1.141,1.441
ivr-hi-0024,24,ann2,4,केन्सर,1.444,1.954
ivr-hi-0024,24,ann2,5,जैसे,1.944,2.484
ivr-hi-0024,24,ann2,6,और,2.481,2.731
ivr-hi-0024,24,ann2,7,हर्दय,2.731,3.121
ivr-hi-0024,24,ann2,8,जैसे,3.125,3.595
ivr-hi-0024,24,ann2,9,रोग,4.071,4.451
ivr-hi-0024,24,ann2,10,की,4.449,4.659
ivr-hi-0024,24,ann2,11,गंभीर,4.654,5.214
ivr-hi-0024,24,ann2,12,बिमारीयाँ,5.211,5.891
ivr-hi-0024,24,ann2,13,का,5.88,6.0
ivr-hi-0024,24,ann2,14,इलाज,6.001,6.461
ivr-hi-0024,24,ann2,15,की,6.455,6.685
ivr-hi-0024,24,ann2,16,सुविधा,6.682,7.242
ivr-hi-0024,24,ann2,17,है,7.235,7.625
ivr-hi-0025,25,ann1,0,जैसे,0.0,0.37
ivr-hi-0025,25,ann1,1,कि,0.368,0.758
ivr-hi-0025,25,ann1,2,ढोसा,2.155,2.575
ivr-hi-0025,25,ann1,3,बना,2.576,2.866
ivr-hi-0025,25,ann1,4,दिए,2.865,3.205
ivr-hi-0025,25,ann1,5,ढोकला,3.2,3.64
ivr-hi-0025,25,ann1,6,बना,3.639,3.979
ivr-hi-0025,25,ann1,7,दिए,3.975,4.485
ivr-hi-0025,25,ann1,8,तो,5.223,5.373
ivr-hi-0025,25,ann1,9,उससे,5.373,5.843
ivr-hi-0025,25,ann1,10,बच्चे,6.437,7.047
ivr-hi-0025,25,ann1,11,खा,7.038,7.298
ivr-hi-0025,25,ann1,12,कर,7.293,7.433
ivr-hi-0025,25,ann1,13,के,7.431,7.631
ivr-hi-0025,25,ann1,14,खुश,7.628,7.878
ivr-hi-0025,25,ann1,15,हो,7.871,8.001
ivr-hi-0025,25,ann1,16,जाते,7.998,8.418
ivr-hi-0025,25,ann1,17,हैं,8.414,8.754
ivr-hi-0025,25,ann1,18,तो,9.466,9.766
ivr-hi-0025,25,ann1,19,अपने,10.194,10.464
ivr-hi-0025,25,ann1,20,को,10.46,10.64
ivr-hi-0025,25,ann1,21,खुशी,10.645,11.045
ivr-hi-0025,25,ann1,22,होती,11.05,11.44
ivr-hi-0025,25,ann1,23,है,11.431,11.681
ivr-hi-0026,26,ann1,0,कभी,0.0,0.74
ivr-hi-0026,26,ann1,1,इडली,2.854,3.604
ivr-hi-0026,26,ann1,2,सांभर,3.915,4.655
ivr-hi-0026,26,ann1,3,ऐसा,5.924,6.174
ivr-hi-0026,26,ann1,4,बना,6.178,6.458
ivr-hi-0026,26,ann1,5,लेती,6.461,6.831
ivr-hi-0026,26,ann1,6,हूँ,6.815,7.175
ivr-hi-0026,26,ann1,7,और,7.565,8.175
ivr-hi-0026,26,ann1,8,रात,9.361,9.751
ivr-hi-0026,26,ann1,9,में,9.743,10.253
ivr-hi-0026,26,ann1,10,खाने,10.869,11.269
ivr-hi-0026,26,ann1,11,में,11.271,11.751
ivr-hi-0026,26,ann1,12,दाल,11.752,12.162
ivr-hi-0026,26,ann1,13,चावल,12.162,12.792
ivr-hi-0026,26,ann1,14,खिचड़ी,13.407,14.267
ivr-hi-0028,28,ann1,0,भारत,0.0,0.39
ivr-hi-0028,28,ann1,1,एक,0.389,1.029
ivr-hi-0028,28,ann1,2,विकाससील,1.521,2.161
ivr-hi-0028,28,ann1,3,देस,2.158,2.448
ivr-hi-0028,28,ann1,4,है,2.448,2.838
ivr-hi-0028,28,ann2,0,भारत,0.0,0.39
ivr-hi-0028,28,ann2,1,एक,0.391,1.081
ivr-hi-0028,28,ann2,2,विकाससील,1.538,2.168
ivr-hi-0028,28,ann2,3,देस,2.166,2.486
ivr-hi-0028,28,ann2,4,है,2.482,2.772
ivr-hi-0029,29,ann1,0,चीन,0.0,0.62
ivr-hi-0029,29,ann1,1,नेपाल,1.68,2.54
ivr-hi-0029,29,ann2,0,चीन,0.026,0.666
ivr-hi-0029,29,ann2,1,नेपाल,1.674,2.654
ivr-hi-0030,30,ann1,0,पाकिस्तान,0.003,1.133
ivr-hi-0030,30,ann1,1,अफगानिस्तान,2.167,3.657
ivr-hi-0030,30,ann2,0,पाकिस्तान,0.0,1.12
ivr-hi-0030,30,ann2,1,अफगानिस्तान,2.154,3.684
ivr-hi-0031,31,ann1,0,इस्लामाबाद,0.041,1.351
ivr-hi-0031,31,ann1,1,कराची,2.304,3.265
ivr-hi-0031,31,ann1,2,काठमांडू,4.079,5.059
ivr-hi-0034,34,ann1,0,वर्तमान,0.0,0.51
ivr-hi-0034,34,ann1,1,समय,0.509,0.799
ivr-hi-0034,34,ann1,2,में,0.795,1.145
ivr-hi-0034,34,ann1,3,नदियाँ,1.524,1.954
ivr-hi-0034,34,ann1,4,पूर्ण,1.953,2.333
ivr-hi-0034,34,ann1,5,तरह,2.335,2.545
ivr-hi-0034,34,ann1,6,सूख,2.539,2.859
ivr-hi-0034,34,ann1,7,रही,2.859,3.119
ivr-hi-0034,34,ann1,8,हैं,3.118,3.398
ivr-hi-0034,34,ann1,9,जंगलों,4.269,5.049
ivr-hi-0034,34,ann1,10,को,5.052,5.172
ivr-hi-0034,34,ann1,11,पूरी,5.168,5.448
ivr-hi-0034,34,ann1,12,तरह,5.447,5.597
ivr-hi-0034,34,ann1,13,से,5.59,5.75
ivr-hi-0034,34,ann1,14,काटा,5.753,5.983
ivr-hi-0034,34,ann1,15,जा,5.978,6.298
ivr-hi-0034,34,ann1,16,रहा,6.298,6.558
ivr-hi-0034,34,ann1,17,है,6.55,6.88
ivr-hi-0035,35,ann1,0,आज,0.009,0.539
ivr-hi-0035,35,ann1,1,महिलाएँ,0.541,1.091
ivr-hi-0035,35,ann1,2,हर,1.084,1.334
ivr-hi-0035,35,ann1,3,सहकारी,1.339,1.989
ivr-hi-0035,35,ann1,4,दफ्तर,2.137,2.787
ivr-hi-0035,35,ann1,5,सरकारी,2.78,3.29
ivr-hi-0035,35,ann1,6,छेत्र,3.289,3.719
ivr-hi-0035,35,ann1,7,में,3.722,4.262
ivr-hi-0035,35,ann1,8,आपको,4.254,4.624
ivr-hi-0035,35,ann1,9,महिलाएँ,4.619,5.129
ivr-hi-0035,35,ann1,10,मिल,5.118,5.348
ivr-hi-0035,35,ann1,11,जाएगी,5.34,5.85
ivr-hi-0035,35,ann1,12,लेकिन,6.248,6.898
ivr-hi-0035,35,ann1,13,पहले,6.891,7.431
ivr-hi-0035,35,ann1,14,ऐसा,7.423,7.673
ivr-hi-0035,35,ann1,15,नहीं,7.667,7.917
ivr-hi-0035,35,ann1,16,था,7.911,8.101
ivr-hi-0035,35,ann1,17,पहले,8.099,8.469
ivr-hi-0035,35,ann1,18,किसी,8.465,8.735
ivr-hi-0035,35,ann1,19,भी,8.731,9.011
ivr-hi-0035,35,ann1,20,सरकारी,9.008,9.448
ivr-hi-0035,35,ann1,21,दप्तर,9.451,9.801
ivr-hi-0035,35,ann1,22,में,9.806,10.026
ivr-hi-0035,35,ann1,23,महिलाओं,10.028,10.528
ivr-hi-0035,35,ann1,24,का,10.515,10.855
ivr-hi-0037,37,ann1,0,एक,0.082,0.532
ivr-hi-0037,37,ann1,1,जनवरी,0.525,1.265
ivr-hi-0037,37,ann1,2,दो,1.259,1.589
ivr-hi-0037,37,ann1,3,हजार,1.6,2.17
ivr-hi-0037,37,ann1,4,बाईस,2.163,2.923
ivr-hi-0037,37,ann1,5,दस,3.375,3.745
ivr-hi-0037,37,ann1,6,सितम्बर,3.75,4.56
ivr-hi-0037,37,ann1,7,दो,4.552,4.882
ivr-hi-0037,37,ann1,8,हजार,4.859,5.509
ivr-hi-0037,37,ann1,9,बीस,5.507,6.137
ivr-hi-0037,37,ann1,10,एक,6.633,7.053
ivr-hi-0037,37,ann1,11,अक्टूबर,7.043,7.903
ivr-hi-0037,37,ann1,12,दो,7.896,8.226
ivr-hi-0037,37,ann1,13,हजार,8.203,8.913
ivr-hi-0037,37,ann1,14,इक्कीस,8.902,9.942
ivr-hi-0037,37,ann1,15,बारह,10.745,11.255
ivr-hi-0037,37,ann1,16,सितम्बर,11.257,12.047
ivr-hi-0037,37,ann1,17,दो,12.041,12.331
ivr-hi-0037,37,ann1,18,हजार,12.314,12.934
ivr-hi-0037,37,ann1,19,बाईस,12.929,13.909
ivr-hi-0037,37,ann1,20,एक,14.549,14.909
ivr-hi-0037,37,ann1,21,नवम्बर,14.891,15.721
ivr-hi-0037,37,ann1,22,दो,15.709,16.019
ivr-hi-0037,37,ann1,23,हजार,16.017,16.667
ivr-hi-0037,37,ann1,24,बीस,16.665,17.175
ivr-hi-0037,37,ann2,0,एक,0.112,0.422
ivr-hi-0037,37,ann2,1,जनवरी,0.475,1.155
ivr-hi-0037,37,ann2,2,दो,1.337,1.567
ivr-hi-0037,37,ann2,3,हजार,1.62,2.1
ivr-hi-0037,37,ann2,4,बाईस,2.151,2.911
ivr-hi-0037,37,ann2,5,दस,3.312,3.662
ivr-hi-0037,37,ann2,6,सितम्बर,3.749,4.449
ivr-hi-0037,37,ann2,7,दो,4.565,4.965
ivr-hi-0037,37,ann2,8,हजार,5.007,5.497
ivr-hi-0037,37,ann2,9,बीस,5.571,6.121
ivr-hi-0037,37,ann2,10,एक,6.623,6.893
ivr-hi-0037,37,ann2,11,अक्टूबर,7.018,7.758
ivr-hi-0037,37,ann2,12,दो,7.889,8.229
ivr-hi-0037,37,ann2,13,हजार,8.274,8.874
ivr-hi-0037,37,ann2,14,इक्कीस,8.941,9.971
ivr-hi-0037,37,ann2,15,बारह,10.812,11.282
ivr-hi-0037,37,ann2,16,सितम्बर,11.338,11.958
ivr-hi-0037,37,ann2,17,दो,12.026,12.296
ivr-hi-0037,37,ann2,18,हजार,12.339,12.869
ivr-hi-0037,37,ann2,19,बाईस,12.896,13.886
ivr-hi-0037,37,ann2,20,एक,14.568,14.878
ivr-hi-0037,37,ann2,21,नवम्बर,14.931,15.651
ivr-hi-0037,37,ann2,22,दो,15.673,15.993
ivr-hi-0037,37,ann2,23,हजार,16.042,16.532
ivr-hi-0037,37,ann2,24,बीस,16.573,17.033
ivr-hi-0039,39,ann1,0,एक,0.042,0.262
ivr-hi-0039,39,ann1,1,सो,0.261,0.601
ivr-hi-0039,39,ann1,2,एक,0.601,0.881
ivr-hi-0040,40,ann1,0,हाँ,0.01,0.158
ivr-hi-0040,40,ann1,1,हाँ,0.157,0.287
ivr-hi-0040,40,ann1,2,और,0.288,0.578
ivr-hi-0040,40,ann1,3,हाँ,0.576,0.746
ivr-hi-0040,40,ann1,4,साथ,0.747,1.047
ivr-hi-0040,40,ann1,5,में,1.045,1.165
ivr-hi-0040,40,ann1,6,हलवा,1.166,1.486
ivr-hi-0040,40,ann1,7,बी,1.485,1.695
ivr-hi-0040,40,ann1,8,था,1.693,2.063
ivr-hi-0040,40,ann1,9,और,2.062,2.292
ivr-hi-0040,40,ann1,10,आइसक्रीम,2.298,2.788
ivr-hi-0040,40,ann1,11,थी,2.788,3.118
ivr-hi-0040,40,ann2,0,हाँ,0.002,0.202
ivr-hi-0040,40,ann2,1,हाँ,0.204,0.374
ivr-hi-0040,40,ann2,2,और,0.372,0.562
ivr-hi-0040,40,ann2,3,हाँ,0.561,0.751
ivr-hi-0040,40,ann2,4,साथ,0.759,1.069
ivr-hi-0040,40,ann2,5,में,1.069,1.169
ivr-hi-0040,40,ann2,6,हलवा,1.171,1.511
ivr-hi-0040,40,ann2,7,बी,1.51,1.72
ivr-hi-0040,40,ann2,8,था,1.721,1.981
ivr-hi-0040,40,ann2,9,और,2.06,2.3
ivr-hi-0040,40,ann2,10,आइसक्रीम,2.298,2.848
ivr-hi-0040,40,ann2,11,थी,2.85,3.1
ivr-hi-0041,41,ann1,0,मंदसौर,0.004,0.804
ivr-hi-0041,41,ann1,1,भड़वानी,1.145,1.905
ivr-hi-0041,41,ann1,2,बैतूल,2.318,3.008
ivr-hi-0041,41,ann1,3,छिंदवाड़ा,3.561,4.351
ivr-hi-0041,41,ann1,4,सागर,4.808,5.348
ivr-hi-0041,41,ann2,0,मंदसौर,0.041,0.851
ivr-hi-0041,41,ann2,1,भड़वानी,1.13,1.94
ivr-hi-0041,41,ann2,2,बैतूल,2.281,3.061
ivr-hi-0041,41,ann2,3,छिंदवाड़ा,3.55,4.39
ivr-hi-0041,41,ann2,4,सागर,4.771,5.361
ivr-hi-0042,42,ann1,0,पूड़ी,0.0,0.25
ivr-hi-0042,42,ann1,1,को,0.268,0.458
ivr-hi-0042,42,ann1,2,आटे,0.479,0.829
ivr-hi-0042,42,ann1,3,के,0.851,0.971
ivr-hi-0042,42,ann1,4,द्वारा,0.993,1.243
ivr-hi-0042,42,ann1,5,बनाया,1.262,1.592
ivr-hi-0042,42,ann1,6,जाता,1.612,1.932
ivr-hi-0042,42,ann1,7,है,1.95,2.13
ivr-hi-0042,42,ann1,8,छोलों,2.723,3.133
ivr-hi-0042,42,ann1,9,को,3.155,3.255
ivr-hi-0042,42,ann1,10,मसाले,3.272,3.742
ivr-hi-0042,42,ann1,11,के,3.765,3.915
ivr-hi-0042,42,ann1,12,द्वारा,3.938,4.208
ivr-hi-0042,42,ann1,13,बनाया,4.231,4.531
ivr-hi-0042,42,ann1,14,जाता,4.556,4.863
ivr-hi-0042,42,ann1,15,है,4.884,5.074
ivr-hi-0042,42,ann1,16,और,5.087,5.337
ivr-hi-0042,42,ann1,17,पनीर,5.335,5.665
ivr-hi-0042,42,ann1,18,की,5.666,5.806
ivr-hi-0042,42,ann1,19,सब्ज़ी,5.8,6.2
ivr-hi-0042,42,ann1,20,में,6.202,6.472
ivr-hi-0042,42,ann1,21,बहोत,6.491,6.751
ivr-hi-0042,42,ann1,22,सारा,6.759,7.069
ivr-hi-0042,42,ann1,23,मसाला,7.08,7.75
ivr-hi-0042,42,ann1,24,मसालों,8.247,8.637
ivr-hi-0042,42,ann1,25,का,8.639,8.799
ivr-hi-0042,42,ann1,26,उपयोग,8.794,9.154
ivr-hi-0042,42,ann1,27,किया,9.155,9.335
ivr-hi-0042,42,ann1,28,जाता,9.359,9.699
ivr-hi-0042,42,ann1,29,है,9.726,9.906
ivr-hi-0042,42,ann1,30,उस,9.926,10.034
ivr-hi-0042,42,ann1,31,में,10.054,10.324
ivr-hi-0043,43,ann1,0,किसी,0.013,0.373
ivr-hi-0043,43,ann1,1,चीस,0.365,0.675
ivr-hi-0043,43,ann1,2,को,0.67,0.93
ivr-hi-0043,43,ann1,3,इकट्ठा,1.038,1.588
ivr-hi-0043,43,ann1,4,करना,1.583,2.123
ivr-hi-0043,43,ann1,5,और,2.833,3.243
ivr-hi-0043,43,ann1,6,उसे,3.683,4.023
ivr-hi-0043,43,ann1,7,संभालकर,4.003,4.723
ivr-hi-0043,43,ann1,8,रखने,4.724,5.154
ivr-hi-0043,43,ann1,9,का,5.141,5.351
ivr-hi-0043,43,ann1,10,सैक्षिक,5.333,5.773
ivr-hi-0043,43,ann1,11,मूल्य,5.766,6.156
ivr-hi-0043,43,ann1,12,यह,6.151,6.421
ivr-hi-0043,43,ann1,13,है,6.423,6.573
ivr-hi-0043,43,ann1,14,कि,6.567,6.737
ivr-hi-0043,43,ann1,15,हमें,6.743,7.053
ivr-hi-0043,43,ann1,16,जीवन,7.064,7.574
ivr-hi-0043,43,ann1,17,में,7.577,7.657
ivr-hi-0043,43,ann1,18,भी,7.657,7.877
ivr-hi-0043,43,ann1,19,इसी,7.865,8.165
ivr-hi-0043,43,ann1,20,तरह,8.154,8.464
ivr-hi-0043,43,ann1,21,से,8.458,8.698
ivr-hi-0043,43,ann1,22,कार्य,8.715,9.065
ivr-hi-0043,43,ann1,23,करना,9.051,9.421
ivr-hi-0043,43,ann1,24,चाहिए,9.42,9.95
ivr-hi-0043,43,ann1,25,अपनी,10.285,10.655
ivr-hi-0043,43,ann1,26,चीजों,10.654,11.094
ivr-hi-0043,43,ann1,27,को,11.086,11.346
ivr-hi-0043,43,ann1,28,इकट्ठा,11.343,11.973
ivr-hi-0043,43,ann1,29,करते,11.968,12.338
ivr-hi-0043,43,ann1,30,हुए,12.336,12.536
ivr-hi-0043,43,ann1,31,अपने,12.529,12.969
ivr-hi-0043,43,ann1,32,विचारों,13.282,13.762
ivr-hi-0043,43,ann1,33,को,13.747,13.927
ivr-hi-0043,43,ann1,34,इकट्ठा,13.923,14.453
ivr-hi-0043,43,ann1,35,करते,14.436,14.886
ivr-hi-0043,43,ann1,36,हुए,14.884,15.254
ivr-hi-0043,43,ann1,37,उनको,15.734,16.184
ivr-hi-0043,43,ann2,0,किसी,0.025,0.365
ivr-hi-0043,43,ann2,1,चीस,0.349,0.659
ivr-hi-0043,43,ann2,2,को,0.654,0.934
ivr-hi-0043,43,ann2,3,इकट्ठा,0.926,1.596
ivr-hi-0043,43,ann2,4,करना,1.599,2.179
ivr-hi-0043,43,ann2,5,और,2.817,3.287
ivr-hi-0043,43,ann2,6,उसे,3.715,3.995
ivr-hi-0043,43,ann2,7,संभालकर,3.971,4.681
ivr-hi-0043,43,ann2,8,रखने,4.692,5.132
ivr-hi-0043,43,ann2,9,का,5.113,5.343
ivr-hi-0043,43,ann2,10,सैक्षिक,5.333,5.763
ivr-hi-0043,43,ann2,11,मूल्य,5.778,6.168
ivr-hi-0043,43,ann2,12,यह,6.167,6.417
ivr-hi-0043,43,ann2,13,है,6.423,6.563
ivr-hi-0043,43,ann2,14,कि,6.567,6.697
ivr-hi-0043,43,ann2,15,हमें,6.727,7.087
ivr-hi-0043,43,ann2,16,जीवन,7.096,7.526
ivr-hi-0043,43,ann2,17,में,7.529,7.659
ivr-hi-0043,43,ann2,18,भी,7.641,7.881
ivr-hi-0043,43,ann2,19,इसी,7.881,8.171
ivr-hi-0043,43,ann2,20,तरह,8.154,8.454
ivr-hi-0043,43,ann2,21,से,8.458,8.688
ivr-hi-0043,43,ann2,22,कार्य,8.683,9.043
ivr-hi-0043,43,ann2,23,करना,9.035,9.405
ivr-hi-0043,43,ann2,24,चाहिए,9.404,9.884
ivr-hi-0043,43,ann2,25,अपनी,10.269,10.629
ivr-hi-0043,43,ann2,26,चीजों,10.638,11.088
ivr-hi-0043,43,ann2,27,को,11.086,11.376
ivr-hi-0043,43,ann2,28,इकट्ठा,11.391,11.971
ivr-hi-0043,43,ann2,29,करते,11.956,12.266
ivr-hi-0043,43,ann2,30,हुए,12.256,12.496
ivr-hi-0043,43,ann2,31,अपने,12.513,13.008
ivr-hi-0043,43,ann2,32,विचारों,13.25,13.7
ivr-hi-0043,43,ann2,33,को,13.698,13.928
ivr-hi-0043,43,ann2,34,इकट्ठा,13.961,14.441
ivr-hi-0043,43,ann2,35,करते,14.468,14.818
ivr-hi-0043,43,ann2,36,हुए,14.82,15.25
ivr-hi-0043,43,ann2,37,उनको,15.702,16.182
ivr-hi-0044,44,ann1,0,खड़ा,0.012,0.262
ivr-hi-0044,44,ann1,1,हो,0.262,0.492
ivr-hi-0044,44,ann1,2,कर,0.493,0.743
ivr-hi-0044,44,ann1,3,गाना,0.742,1.132
ivr-hi-0044,44,ann2,0,खड़ा,0.026,0.236
ivr-hi-0044,44,ann2,1,हो,0.235,0.475
ivr-hi-0044,44,ann2,2,कर,0.476,0.716
ivr-hi-0044,44,ann2,3,गाना,0.716,1.156
ivr-hi-0046,46,ann1,0,मैं,0.001,0.241
ivr-hi-0046,46,ann1,1,अपने,0.24,0.73
ivr-hi-0046,46,ann1,2,बेटे,0.728,1.278
ivr-hi-0046,46,ann1,3,को,1.277,1.667
ivr-hi-0047,47,ann1,0,हाँ,0.005,0.335
ivr-hi-0047,47,ann1,1,मैं,0.335,0.635
ivr-hi-0047,47,ann1,2,भारत,0.841,1.271
ivr-hi-0047,47,ann1,3,देश,1.271,1.601
ivr-hi-0047,47,ann1,4,के,1.791,1.952
ivr-hi-0047,47,ann2,0,हाँ,0.002,0.302
ivr-hi-0047,47,ann2,1,मैं,0.303,0.653
ivr-hi-0047,47,ann2,2,भारत,0.833,1.283
ivr-hi-0047,47,ann2,3,देश,1.281,1.651
ivr-hi-0047,47,ann2,4,के,1.785,1.982
ivr-hi-0048,48,ann1,0,पाँच,0.004,0.524
ivr-hi-0048,48,ann1,1,देशों,0.771,1.311
ivr-hi-0048,48,ann1,2,के,1.311,1.471
ivr-hi-0048,48,ann1,3,नाम,1.47,1.98
ivr-hi-0048,48,ann2,0,पाँच,0.004,0.554
ivr-hi-0048,48,ann2,1,देशों,0.756,1.316
ivr-hi-0048,48,ann2,2,के,1.313,1.463
ivr-hi-0048,48,ann2,3,नाम,1.465,1.955
ivr-hi-0050,50,ann1,0,सीटीयों,0.005,0.515
ivr-hi-0050,50,ann1,1,के,0.513,0.703
ivr-hi-0050,50,ann1,2,नाम,0.701,1.351
ivr-hi-0050,50,ann1,3,बोल,1.564,1.914
ivr-hi-0050,50,ann1,4,सकता,1.913,2.453
ivr-hi-0050,50,ann1,5,हूँ,2.452,2.842
ivr-hi-0050,50,ann2,0,सीटीयों,0.014,0.524
ivr-hi-0050,50,ann2,1,के,0.521,0.721
ivr-hi-0050,50,ann2,2,नाम,0.723,1.273
ivr-hi-0050,50,ann2,3,बोल,1.547,1.837
ivr-hi-0050,50,ann2,4,सकता,1.837,2.457
ivr-hi-0050,50,ann2,5,हूँ,2.455,2.845
ivr-hi-0052,52,ann1,0,मुझे,0.003,0.523
ivr-hi-0052,52,ann1,1,संगीत,0.522,1.262
ivr-hi-0052,52,ann1,2,पसंद,1.45,2.15
ivr-hi-0052,52,ann1,3,है,2.147,2.527
ivr-hi-0052,52,ann2,0,मुझे,0.003,0.513
ivr-hi-0052,52,ann2,1,संगीत,0.513,1.223
ivr-hi-0052,52,ann2,2,पसंद,1.45,2.12
ivr-hi-0052,52,ann2,3,है,2.119,2.549
ivr-hi-0054,54,ann1,0,हाँ,0.032,0.293
ivr-hi-0054,54,ann1,1,जी,0.294,0.594
ivr-hi-0054,54,ann1,2,मेरी,1.437,1.928
ivr-hi-0054,54,ann1,3,पसंदीदा,2.002,2.747
ivr-hi-0054,54,ann1,4,कलाकार,2.846,3.463
ivr-hi-0054,54,ann2,0,हाँ,0.069,0.359
ivr-hi-0054,54,ann2,1,जी,0.357,0.657
ivr-hi-0054,54,ann2,2,मेरी,1.419,1.889
ivr-hi-0054,54,ann2,3,पसंदीदा,2.043,2.833
ivr-hi-0054,54,ann2,4,कलाकार,2.835,3.505
ivr-hi-0055,55,ann1,0,मुझे,0.007,0.537
ivr-hi-0055,55,ann1,1,जिला,0.534,1.064
ivr-hi-0055,55,ann1,2,सुबर्णपुर,1.062,1.972
ivr-hi-0055,55,ann1,3,में,2.683,3.183
ivr-hi-0055,55,ann1,4,ससुल्क,3.604,4.394
ivr-hi-0055,55,ann1,5,टीका,4.554,4.984
ivr-hi-0055,55,ann1,6,कहाँ,4.989,5.359
ivr-hi-0055,55,ann1,7,मिल,5.361,5.681
ivr-hi-0055,55,ann1,8,सकता,5.675,6.165
ivr-hi-0055,55,ann1,9,है,6.153,6.493
ivr-hi-0055,55,ann2,0,मुझे,0.0,0.54
ivr-hi-0055,55,ann2,1,जिला,0.541,1.031
ivr-hi-0055,55,ann2,2,सुबर्णपुर,1.034,1.974
ivr-hi-0055,55,ann2,3,में,2.669,3.189
ivr-hi-0055,55,ann2,4,ससुल्क,3.597,4.467
ivr-hi-0055,55,ann2,5,टीका,4.547,4.957
ivr-hi-0055,55,ann2,6,कहाँ,4.954,5.404
ivr-hi-0055,55,ann2,7,मिल,5.396,5.706
ivr-hi-0055,55,ann2,8,सकता,5.71,6.16
ivr-hi-0055,55,ann2,9,है,6.16,6.5
ivr-hi-0056,56,ann1,0,पूरे,0.024,0.204
ivr-hi-0056,56,ann1,1,साल,0.205,0.475
ivr-hi-0056,56,ann1,2,मे,0.475,0.615
ivr-hi-0056,56,ann1,3,लगभग,0.616,1.026
ivr-hi-0056,56,ann2,0,पूरे,0.022,0.142
ivr-hi-0056,56,ann2,1,साल,0.145,0.345
ivr-hi-0056,56,ann2,2,मे,0.343,0.503
ivr-hi-0056,56,ann2,3,लगभग,0.551,1.011
ivr-hi-0057,57,ann1,0,समुदाय,0.001,0.411
ivr-hi-0057,57,ann1,1,ने,0.41,0.751
ivr-hi-0057,57,ann1,2,हमारे,1.034,1.564
ivr-hi-0057,57,ann2,0,समुदाय,0.0,0.42
ivr-hi-0057,57,ann2,1,ने,0.418,0.658
ivr-hi-0057,57,ann2,2,हमारे,1.062,1.522
ivr-hi-0058,58,ann1,0,जीवन,0.035,0.405
ivr-hi-0058,58,ann1,1,के,0.404,0.514
ivr-hi-0058,58,ann1,2,ज़रूरी,0.512,0.912
ivr-hi-0058,58,ann1,3,उद्देश्य,0.91,1.55
ivr-hi-0058,58,ann1,4,और,1.946,2.216
ivr-hi-0058,58,ann2,0,जीवन,0.06,0.4
ivr-hi-0058,58,ann2,1,के,0.398,0.508
ivr-hi-0058,58,ann2,2,ज़रूरी,0.506,0.896
ivr-hi-0058,58,ann2,3,उद्देश्य,0.901,1.521
ivr-hi-0058,58,ann2,4,और,1.951,2.201
ivr-hi-0059,59,ann1,0,हिन्दी,0.008,0.635
ivr-hi-0059,59,ann1,1,पर,1.039,1.199
ivr-hi-0059,59,ann1,2,भी,1.197,1.337
ivr-hi-0059,59,ann1,3,संस्कृत,1.336,1.926
ivr-hi-0059,59,ann1,4,आदि,2.076,2.366
ivr-hi-0059,59,ann1,5,प्राचीन,2.362,2.912
ivr-hi-0059,59,ann2,0,हिन्दी,0.014,0.467
ivr-hi-0059,59,ann2,1,पर,1.022,1.112
ivr-hi-0059,59,ann2,2,भी,1.127,1.337
ivr-hi-0059,59,ann2,3,संस्कृत,1.417,1.907
ivr-hi-0059,59,ann2,4,आदि,2.072,2.322
ivr-hi-0059,59,ann2,5,प्राचीन,2.393,2.793
ivr-hi-0060,60,ann1,0,हमारे,0.009,0.389
ivr-hi-0060,60,ann1,1,गाँव,0.521,0.791
ivr-hi-0060,60,ann1,2,के,0.893,1.063
ivr-hi-0060,60,ann1,3,इस्थानीय,1.242,1.712
ivr-hi-0060,60,ann1,4,देवता,1.709,2.139
ivr-hi-0060,60,ann1,5,दूताधारी,2.418,2.948
ivr-hi-0060,60,ann1,6,बाबा,2.948,3.278
ivr-hi-0060,60,ann1,7,हैं,3.276,3.526
ivr-hi-0060,60,ann2,0,हमारे,0.039,0.449
ivr-hi-0060,60,ann2,1,गाँव,0.444,0.904
ivr-hi-0060,60,ann2,2,के,0.903,1.163
ivr-hi-0060,60,ann2,3,इस्थानीय,1.155,1.705
ivr-hi-0060,60,ann2,4,देवता,1.705,2.205
ivr-hi-0060,60,ann2,5,दूताधारी,2.398,2.978
ivr-hi-0060,60,ann2,6,बाबा,2.977,3.267
ivr-hi-0060,60,ann2,7,हैं,3.273,3.653
ivr-hi-0063,63,ann1,0,जिस,0.024,0.294
ivr-hi-0063,63,ann1,1,में,0.291,0.411
ivr-hi-0063,63,ann1,2,हम,0.407,0.527
ivr-hi-0063,63,ann1,3,लोग,0.518,0.798
ivr-hi-0063,63,ann1,4,शिमला,1.046,1.566
ivr-hi-0063,63,ann1,5,कभी,1.566,1.796
ivr-hi-0063,63,ann1,6,देहरादून,1.796,2.276
ivr-hi-0063,63,ann1,7,कभी,2.273,2.503
ivr-hi-0063,63,ann1,8,मंसूरी,2.495,3.005
ivr-hi-0063,63,ann1,9,कभी,3.492,3.742
ivr-hi-0063,63,ann1,10,दिल्ली,3.739,4.309
ivr-hi-0063,63,ann1,11,उत्तराखंड,4.949,5.719
ivr-hi-0063,63,ann1,12,यहाँ,6.278,6.548
ivr-hi-0063,63,ann1,13,की,6.551,6.701
ivr-hi-0063,63,ann1,14,ट्रिप,6.695,6.995
ivr-hi-0063,63,ann1,15,ज्यादा,7.812,8.059
ivr-hi-0063,63,ann1,16,करने,8.059,8.359
ivr-hi-0063,63,ann1,17,में,8.357,8.607
ivr-hi-0063,63,ann2,0,जिस,0.05,0.27
ivr-hi-0063,63,ann2,1,में,0.274,0.364
ivr-hi-0063,63,ann2,2,हम,0.404,0.564
ivr-hi-0063,63,ann2,3,लोग,0.579,0.759
ivr-hi-0063,63,ann2,4,शिमला,1.139,1.529
ivr-hi-0063,63,ann2,5,कभी,1.614,1.814
ivr-hi-0063,63,ann2,6,देहरादून,1.841,2.271
ivr-hi-0063,63,ann2,7,कभी,2.287,2.497
ivr-hi-0063,63,ann2,8,मंसूरी,2.506,3.006
ivr-hi-0063,63,ann2,9,कभी,3.461,3.721
ivr-hi-0063,63,ann2,10,दिल्ली,3.76,4.16
ivr-hi-0063,63,ann2,11,उत्तराखंड,4.935,5.695
ivr-hi-0063,63,ann2,12,यहाँ,6.232,6.542
ivr-hi-0063,63,ann2,13,की,6.563,6.763
ivr-hi-0063,63,ann2,14,ट्रिप,6.783,6.973
ivr-hi-0063,63,ann2,15,ज्यादा,7.808,8.008
ivr-hi-0063,63,ann2,16,करने,8.023,8.323
ivr-hi-0063,63,ann2,17,में,8.339,8.589
ivr-hi-0066,66,ann1,0,बिजनिस,0.004,0.494
ivr-hi-0066,66,ann1,1,को,0.494,0.744
ivr-hi-0066,66,ann1,2,तैयार,0.739,1.209
ivr-hi-0066,66,ann1,3,कर,1.208,1.408
ivr-hi-0066,66,ann1,4,के,1.407,1.577
ivr-hi-0066,66,ann1,5,लोग,1.576,2.016
ivr-hi-0066,66,ann1,6,अपने,2.025,2.505
ivr-hi-0066,66,ann1,7,और,3.01,3.36
ivr-hi-0066,66,ann1,8,को,3.357,3.657
ivr-hi-0066,66,ann1,9,आग्रषित,3.658,4.358
ivr-hi-0066,66,ann1,10,कर,4.367,4.567
ivr-hi-0066,66,ann1,11,रहे,4.566,4.896
ivr-hi-0066,66,ann1,12,हैं,4.898,5.148
ivr-hi-0066,66,ann2,0,बिजनिस,0.004,0.514
ivr-hi-0066,66,ann2,1,को,0.514,0.754
ivr-hi-0066,66,ann2,2,तैयार,0.749,1.219
ivr-hi-0066,66,ann2,3,कर,1.219,1.429
ivr-hi-0066,66,ann2,4,के,1.433,1.573
ivr-hi-0066,66,ann2,5,लोग,1.571,2.021
ivr-hi-0066,66,ann2,6,अपने,2.02,2.52
ivr-hi-0066,66,ann2,7,और,3.005,3.415
ivr-hi-0066,66,ann2,8,को,3.418,3.668
ivr-hi-0066,66,ann2,9,आग्रषित,3.663,4.373
ivr-hi-0066,66,ann2,10,कर,4.377,4.557
ivr-hi-0066,66,ann2,11,रहे,4.556,4.896
ivr-hi-0066,66,ann2,12,हैं,4.893,5.143
ivr-hi-0067,67,ann1,0,पसंदीदा,0.015,0.715
ivr-hi-0067,67,ann1,1,कवि,0.713,1.063
ivr-hi-0067,67,ann1,2,है,1.062,1.312
ivr-hi-0067,67,ann1,3,वो,1.311,1.551
ivr-hi-0067,67,ann1,4,मुझे,1.888,2.208
ivr-hi-0067,67,ann1,5,बहुत,2.204,2.514
ivr-hi-0067,67,ann1,6,ही,2.517,2.817
ivr-hi-0067,67,ann1,7,पसंद,2.818,3.208
ivr-hi-0067,67,ann1,8,है,3.204,3.454
ivr-hi-0067,67,ann1,9,क्योंकि,3.453,3.773
ivr-hi-0067,67,ann1,10,उसकी,3.77,4.1
ivr-hi-0067,67,ann1,11,जो,4.093,4.313
ivr-hi-0067,67,ann1,12,कविताएँ,4.31,4.88
ivr-hi-0067,67,ann1,13,हैं,4.881,5.231
ivr-hi-0067,67,ann2,0,पसंदीदा,0.057,0.707
ivr-hi-0067,67,ann2,1,कवि,0.708,1.068
ivr-hi-0067,67,ann2,2,है,1.062,1.342
ivr-hi-0067,67,ann2,3,वो,1.342,1.462
ivr-hi-0067,67,ann2,4,मुझे,1.761,2.241
ivr-hi-0067,67,ann2,5,बहुत,2.247,2.547
ivr-hi-0067,67,ann2,6,ही,2.552,2.812
ivr-hi-0067,67,ann2,7,पसंद,2.813,3.233
ivr-hi-0067,67,ann2,8,है,3.23,3.47
ivr-hi-0067,67,ann2,9,क्योंकि,3.463,3.753
ivr-hi-0067,67,ann2,10,उसकी,3.759,4.109
ivr-hi-0067,67,ann2,11,जो,4.109,4.309
ivr-hi-0067,67,ann2,12,कविताएँ,4.31,4.89
ivr-hi-0067,67,ann2,13,हैं,4.891,5.341
ivr-hi-0068,68,ann1,0,यहाँ,0.01,0.33
ivr-hi-0068,68,ann1,1,के,0.325,0.485
ivr-hi-0068,68,ann1,2,लोग,0.495,0.985
ivr-hi-0068,68,ann1,3,एक,0.98,1.3
ivr-hi-0068,68,ann1,4,खेल,1.308,1.838
ivr-hi-0068,68,ann1,5,होता,1.841,2.331
ivr-hi-0068,68,ann1,6,है,2.339,2.589
ivr-hi-0068,68,ann1,7,उसमें,2.593,2.883
ivr-hi-0068,68,ann1,8,भाग,2.872,3.172
ivr-hi-0068,68,ann1,9,लेते,3.163,3.663
ivr-hi-0068,68,ann1,10,हैं,3.661,3.951
ivr-hi-0068,68,ann1,11,और,3.94,4.28
ivr-hi-0068,68,ann1,12,अपने,4.279,4.819
ivr-hi-0068,68,ann1,13,खेल,4.813,5.263
ivr-hi-0068,68,ann1,14,को,5.286,5.536
ivr-hi-0068,68,ann1,15,कौशल,5.856,6.216
ivr-hi-0068,68,ann1,16,करने,6.22,6.6
ivr-hi-0068,68,ann1,17,के,6.608,6.788
ivr-hi-0068,68,ann1,18,लिए,6.79,7.04
ivr-hi-0068,68,ann1,19,अच्छा,7.045,7.505
ivr-hi-0068,68,ann1,20,सा,7.506,7.736
ivr-hi-0068,68,ann1,21,प्रदर्शन,7.724,8.244
ivr-hi-0068,68,ann1,22,करते,8.234,8.644
ivr-hi-0068,68,ann1,23,हैं,8.646,8.876
ivr-hi-0068,68,ann1,24,जैसे,8.865,9.155
ivr-hi-0068,68,ann1,25,ओलम्पिक,9.144,9.694
ivr-hi-0068,68,ann1,26,में,9.665,9.905
ivr-hi-0068,68,ann1,27,खेल,9.908,10.248
ivr-hi-0068,68,ann1,28,खेले,10.247,10.517
ivr-hi-0068,68,ann1,29,जाने,10.502,10.842
ivr-hi-0068,68,ann1,30,वाले,10.83,11.18
ivr-hi-0068,68,ann1,31,क्रिकेट,11.181,11.691
ivr-hi-0068,68,ann1,32,है,11.691,12.241
ivr-hi-0068,68,ann2,0,यहाँ,0.01,0.32
ivr-hi-0068,68,ann2,1,के,0.325,0.475
ivr-hi-0068,68,ann2,2,लोग,0.483,0.953
ivr-hi-0068,68,ann2,3,एक,0.956,1.296
ivr-hi-0068,68,ann2,4,खेल,1.308,1.828
ivr-hi-0068,68,ann2,5,होता,1.829,2.319
ivr-hi-0068,68,ann2,6,है,2.314,2.524
ivr-hi-0068,68,ann2,7,उसमें,2.533,2.883
ivr-hi-0068,68,ann2,8,भाग,2.897,3.197
ivr-hi-0068,68,ann2,9,लेते,3.2,3.63
ivr-hi-0068,68,ann2,10,हैं,3.637,3.947
ivr-hi-0068,68,ann2,11,और,3.94,4.29
ivr-hi-0068,68,ann2,12,अपने,4.279,4.809
ivr-hi-0068,68,ann2,13,खेल,4.801,5.261
ivr-hi-0068,68,ann2,14,को,5.25,5.51
ivr-hi-0068,68,ann2,15,कौशल,5.844,6.214
ivr-hi-0068,68,ann2,16,करने,6.22,6.6
ivr-hi-0068,68,ann2,17,के,6.608,6.798
ivr-hi-0068,68,ann2,18,लिए,6.79,7.04
ivr-hi-0068,68,ann2,19,अच्छा,7.045,7.485
ivr-hi-0068,68,ann2,20,सा,7.482,7.752
ivr-hi-0068,68,ann2,21,प्रदर्शन,7.749,8.249
ivr-hi-0068,68,ann2,22,करते,8.246,8.596
ivr-hi-0068,68,ann2,23,हैं,8.598,8.848
ivr-hi-0068,68,ann2,24,जैसे,8.84,9.13
ivr-hi-0068,68,ann2,25,ओलम्पिक,9.119,9.699
ivr-hi-0068,68,ann2,26,में,9.689,9.899
ivr-hi-0068,68,ann2,27,खेल,9.908,10.248
ivr-hi-0068,68,ann2,28,खेले,10.26,10.55
ivr-hi-0068,68,ann2,29,जाने,10.551,10.851
ivr-hi-0068,68,ann2,30,वाले,10.866,11.206
ivr-hi-0068,68,ann2,31,क्रिकेट,11.206,11.766
ivr-hi-0068,68,ann2,32,है,11.776,12.236
ivr-hi-0069,69,ann1,0,सेवाओं,0.003,0.543
ivr-hi-0069,69,ann1,1,के,0.54,0.69
ivr-hi-0069,69,ann1,2,द्वारा,0.687,1.157
ivr-hi-0069,69,ann1,3,पूरा,1.155,1.485
ivr-hi-0069,69,ann1,4,किया,1.487,1.737
ivr-hi-0069,69,ann1,5,जाता,1.734,2.134
ivr-hi-0069,69,ann1,6,है,2.136,2.316
ivr-hi-0069,69,ann1,7,सरकारी,2.318,2.828
ivr-hi-0069,69,ann1,8,सेवाओं,2.827,3.297
ivr-hi-0069,69,ann1,9,के,3.295,3.495
ivr-hi-0069,69,ann1,10,द्वारा,3.496,3.896
ivr-hi-0070,70,ann1,0,ऑस्ट्रेलिया,0.0,1.033
ivr-hi-0070,70,ann1,1,जपान,1.031,1.873
ivr-hi-0070,70,ann1,2,चाइना,2.075,2.851
ivr-hi-0070,70,ann1,3,फ़्रांस,2.866,3.638
ivr-hi-0070,70,ann1,4,इंडिया,3.7,4.283
ivr-hi-0070,70,ann2,0,ऑस्ट्रेलिया,0.02,1.06
ivr-hi-0070,70,ann2,1,जपान,1.06,1.88
ivr-hi-0070,70,ann2,2,चाइना,2.079,2.859
ivr-hi-0070,70,ann2,3,फ़्रांस,2.854,3.664
ivr-hi-0070,70,ann2,4,इंडिया,3.666,4.246
ivr-hi-0071,71,ann1,0,उतना,0.107,0.537
ivr-hi-0071,71,ann1,1,पढ़ाई,0.542,0.922
ivr-hi-0071,71,ann1,2,का,0.918,1.228
ivr-hi-0071,71,ann1,3,उतनी,1.53,1.9
ivr-hi-0071,71,ann1,4,पढ़ाई,1.895,2.205
ivr-hi-0071,71,ann1,5,मे,2.208,2.408
ivr-hi-0071,71,ann1,6,गुणवत्ता,2.406,2.886
ivr-hi-0071,71,ann1,7,नही,2.885,3.235
ivr-hi-0071,71,ann1,8,है,3.23,3.49
ivr-hi-0071,71,ann1,9,जितनी,3.492,3.882
ivr-hi-0071,71,ann1,10,अन्य,4.22,4.74
ivr-hi-0071,71,ann1,11,जो,4.743,4.993
ivr-hi-0071,71,ann1,12,कॉलेज,4.986,5.386
ivr-hi-0071,71,ann1,13,वगैरा,5.385,5.795
ivr-hi-0071,71,ann1,14,मे,5.791,6.011
ivr-hi-0071,71,ann1,15,है,6.014,6.264
ivr-hi-0071,71,ann2,0,उतना,0.08,0.468
ivr-hi-0071,71,ann2,1,पढ़ाई,0.492,0.822
ivr-hi-0071,71,ann2,2,का,0.84,1.14
ivr-hi-0071,71,ann2,3,उतनी,1.489,1.789
ivr-hi-0071,71,ann2,4,पढ़ाई,1.803,2.103
ivr-hi-0071,71,ann2,5,मे,2.116,2.336
ivr-hi-0071,71,ann2,6,गुणवत्ता,2.346,2.816
ivr-hi-0071,71,ann2,7,नही,2.899,3.189
ivr-hi-0071,71,ann2,8,है,3.22,3.48
ivr-hi-0071,71,ann2,9,जितनी,3.494,3.834
ivr-hi-0071,71,ann2,10,अन्य,4.176,4.536
ivr-hi-0071,71,ann2,11,जो,4.561,4.811
ivr-hi-0071,71,ann2,12,कॉलेज,4.821,5.221
ivr-hi-0071,71,ann2,13,वगैरा,5.329,5.629
ivr-hi-0071,71,ann2,14,मे,5.645,5.925
ivr-hi-0071,71,ann2,15,है,5.934,6.284
ivr-hi-0072,72,ann1,0,जैसे,0.012,0.412
ivr-hi-0072,72,ann1,1,कि,0.411,0.641
ivr-hi-0072,72,ann1,2,हम,0.644,0.974
ivr-hi-0072,72,ann1,3,जानते,1.349,1.879
ivr-hi-0072,72,ann1,4,ही,1.894,2.144
ivr-hi-0072,72,ann1,5,हैं,2.14,2.44
ivr-hi-0072,72,ann1,6,आज,2.439,2.769
ivr-hi-0072,72,ann1,7,कल,2.778,2.968
ivr-hi-0072,72,ann1,8,अंग्रेजी,2.961,3.501
ivr-hi-0072,72,ann1,9,भाषा,3.503,3.953
ivr-hi-0072,72,ann1,10,को,3.949,4.169
ivr-hi-0072,72,ann1,11,काफ़ी,4.607,4.887
ivr-hi-0072,72,ann1,12,महत्वपूर्णता,4.886,5.796
ivr-hi-0072,72,ann1,13,दी,5.814,6.014
ivr-hi-0072,72,ann1,14,जाती,6.037,6.407
ivr-hi-0072,72,ann1,15,है,6.409,6.659
ivr-hi-0072,72,ann2,0,जैसे,0.012,0.452
ivr-hi-0072,72,ann2,1,कि,0.444,0.654
ivr-hi-0072,72,ann2,2,हम,0.657,1.017
ivr-hi-0072,72,ann2,3,जानते,1.335,1.855
ivr-hi-0072,72,ann2,4,ही,1.854,2.124
ivr-hi-0072,72,ann2,5,हैं,2.12,2.44
ivr-hi-0072,72,ann2,6,आज,2.439,2.779
ivr-hi-0072,72,ann2,7,कल,2.778,2.948
ivr-hi-0072,72,ann2,8,अंग्रेजी,2.938,3.508
ivr-hi-0072,72,ann2,9,भाषा,3.503,3.963
ivr-hi-0072,72,ann2,10,को,3.962,4.182
ivr-hi-0072,72,ann2,11,काफ़ी,4.534,4.904
ivr-hi-0072,72,ann2,12,महत्वपूर्णता,4.903,5.803
ivr-hi-0072,72,ann2,13,दी,5.804,6.004
ivr-hi-0072,72,ann2,14,जाती,5.997,6.457
ivr-hi-0072,72,ann2,15,है,6.469,6.719
ivr-hi-0073,73,ann1,0,और,0.007,0.387
ivr-hi-0073,73,ann1,1,अगर,0.389,0.719
ivr-hi-0073,73,ann1,2,यदि,0.723,1.073
ivr-hi-0073,73,ann1,3,हमें,1.073,1.463
ivr-hi-0073,73,ann1,4,इसके,2.448,2.808
ivr-hi-0073,73,ann1,5,लिए,2.806,3.026
ivr-hi-0073,73,ann1,6,कोई,3.018,3.218
ivr-hi-0073,73,ann1,7,तकनीक,3.213,3.683
ivr-hi-0073,73,ann1,8,अगर,3.686,3.966
ivr-hi-0073,73,ann1,9,बुनाई,3.97,4.39
ivr-hi-0073,73,ann1,10,के,4.386,4.526
ivr-hi-0073,73,ann1,11,लिए,4.524,4.734
ivr-hi-0073,73,ann1,12,प्रोजेक्ट,4.727,5.087
ivr-hi-0073,73,ann1,13,पर,5.086,5.236
ivr-hi-0073,73,ann1,14,काम,5.24,5.49
ivr-hi-0073,73,ann1,15,करना,5.484,5.804
ivr-hi-0073,73,ann1,16,हो,5.802,6.052
ivr-hi-0073,73,ann1,17,तो,6.311,6.351
ivr-hi-0073,73,ann1,18,इसमें,6.347,6.647
ivr-hi-0073,73,ann1,19,हमारी,6.64,7.04
ivr-hi-0073,73,ann1,20,तकनीकियाँ,7.039,7.659
ivr-hi-0073,73,ann1,21,रहेगी,7.658,8.218
ivr-hi-0073,73,ann2,0,और,0.047,0.417
ivr-hi-0073,73,ann2,1,अगर,0.413,0.713
ivr-hi-0073,73,ann2,2,यदि,0.698,1.038
ivr-hi-0073,73,ann2,3,हमें,1.04,1.49
ivr-hi-0073,73,ann2,4,इसके,2.452,2.752
ivr-hi-0073,73,ann2,5,लिए,2.75,3.01
ivr-hi-0073,73,ann2,6,कोई,3.002,3.212
ivr-hi-0073,73,ann2,7,तकनीक,3.205,3.685
ivr-hi-0073,73,ann2,8,अगर,3.686,4.006
ivr-hi-0073,73,ann2,9,बुनाई,4.005,4.365
ivr-hi-0073,73,ann2,10,के,4.369,4.499
ivr-hi-0073,73,ann2,11,लिए,4.499,4.719
ivr-hi-0073,73,ann2,12,प्रोजेक्ट,4.719,5.079
ivr-hi-0073,73,ann2,13,पर,5.077,5.207
ivr-hi-0073,73,ann2,14,काम,5.199,5.469
ivr-hi-0073,73,ann2,15,करना,5.468,5.778
ivr-hi-0073,73,ann2,16,हो,5.769,6.019
ivr-hi-0073,73,ann2,17,तो,6.311,6.351
ivr-hi-0073,73,ann2,18,इसमें,6.347,6.627
ivr-hi-0073,73,ann2,19,हमारी,6.616,6.996
ivr-hi-0073,73,ann2,20,तकनीकियाँ,6.998,7.578
ivr-hi-0073,73,ann2,21,रहेगी,7.584,8.224
ivr-hi-0075,75,ann1,0,मेरा,0.029,0.389
ivr-hi-0075,75,ann1,1,पसंदीदा,0.387,1.037
ivr-hi-0075,75,ann1,2,खेल,1.052,1.442
ivr-hi-0075,75,ann1,3,बास्केटबॉल,1.44,2.2
ivr-hi-0075,75,ann1,4,है,2.197,2.447
ivr-hi-0075,75,ann1,5,और,2.78,3.08
ivr-hi-0075,75,ann1,6,मैं,3.077,3.247
ivr-hi-0075,75,ann1,7,इसे,3.24,3.51
ivr-hi-0075,75,ann1,8,इसलिए,3.517,3.847
ivr-hi-0075,75,ann1,9,पसंद,3.854,4.174
ivr-hi-0075,75,ann1,10,करती,4.181,4.541
ivr-hi-0075,75,ann1,11,हूँ,4.539,4.789
ivr-hi-0075,75,ann1,12,क्योंकि,5.01,5.33
ivr-hi-0075,75,ann1,13,बास्केटबॉल,5.337,6.047
ivr-hi-0075,75,ann1,14,खेलने,6.043,6.463
ivr-hi-0075,75,ann1,15,से,6.452,6.632
ivr-hi-0075,75,ann1,16,शरीर,6.626,7.016
ivr-hi-0075,75,ann1,17,ऊर्जावान,7.025,7.595
ivr-hi-0075,75,ann1,18,बनता,7.577,7.977
ivr-hi-0075,75,ann1,19,है,7.966,8.216
ivr-hi-0075,75,ann1,20,मांसपेशियाँ,8.58,9.22
ivr-hi-0075,75,ann1,21,अच्छी,9.234,9.574
ivr-hi-0075,75,ann1,22,होती,9.572,10.012
ivr-hi-0075,75,ann1,23,हैं,10.002,10.322
ivr-hi-0075,75,ann2,0,मेरा,0.07,0.39
ivr-hi-0075,75,ann2,1,पसंदीदा,0.387,1.017
ivr-hi-0075,75,ann2,2,खेल,1.021,1.431
ivr-hi-0075,75,ann2,3,बास्केटबॉल,1.42,2.22
ivr-hi-0075,75,ann2,4,है,2.218,2.468
ivr-hi-0075,75,ann2,5,और,2.78,3.11
ivr-hi-0075,75,ann2,6,मैं,3.107,3.277
ivr-hi-0075,75,ann2,7,इसे,3.271,3.561
ivr-hi-0075,75,ann2,8,इसलिए,3.568,3.858
ivr-hi-0075,75,ann2,9,पसंद,3.854,4.164
ivr-hi-0075,75,ann2,10,करती,4.181,4.521
ivr-hi-0075,75,ann2,11,हूँ,4.509,4.759
ivr-hi-0075,75,ann2,12,क्योंकि,5.0,5.33
ivr-hi-0075,75,ann2,13,बास्केटबॉल,5.327,6.047
ivr-hi-0075,75,ann2,14,खेलने,6.053,6.473
ivr-hi-0075,75,ann2,15,से,6.473,6.623
ivr-hi-0075,75,ann2,16,शरीर,6.616,7.006
ivr-hi-0075,75,ann2,17,ऊर्जावान,7.005,7.565
ivr-hi-0075,75,ann2,18,बनता,7.557,7.987
ivr-hi-0075,75,ann2,19,है,7.987,8.237
ivr-hi-0075,75,ann2,20,मांसपेशियाँ,8.549,9.229
ivr-hi-0075,75,ann2,21,अच्छी,9.224,9.574
ivr-hi-0075,75,ann2,22,होती,9.571,10.041
ivr-hi-0075,75,ann2,23,हैं,10.053,10.303
ivr-hi-0076,76,ann1,0,पिक्चर,0.019,0.429
ivr-hi-0076,76,ann1,1,को,0.421,0.701
ivr-hi-0076,76,ann1,2,और,0.958,1.228
ivr-hi-0076,76,ann1,3,मैं,1.216,1.406
ivr-hi-0076,76,ann1,4,यह,1.412,1.692
ivr-hi-0076,76,ann1,5,अपने,1.691,1.961
ivr-hi-0076,76,ann1,6,परिवार,1.96,2.4
ivr-hi-0076,76,ann1,7,के,2.404,2.594
ivr-hi-0076,76,ann1,8,संग,2.6,2.88
ivr-hi-0076,76,ann1,9,पिक्चर,2.868,3.238
ivr-hi-0076,76,ann1,10,देखना,3.23,3.54
ivr-hi-0076,76,ann1,11,ज्यादा,3.529,3.909
ivr-hi-0076,76,ann1,12,पसंद,3.91,4.26
ivr-hi-0076,76,ann1,13,करती,4.252,4.582
ivr-hi-0076,76,ann1,14,हूँ,4.592,4.842
ivr-hi-0076,76,ann1,15,और,5.088,5.268
ivr-hi-0076,76,ann1,16,जब,5.253,5.463
ivr-hi-0076,76,ann1,17,भी,5.46,5.58
ivr-hi-0076,76,ann1,18,कभी,5.584,5.854
ivr-hi-0076,76,ann1,19,पिक्चर,5.852,6.152
ivr-hi-0076,76,ann1,20,लगती,6.151,6.461
ivr-hi-0076,76,ann1,21,है,6.451,6.671
ivr-hi-0076,76,ann1,22,तो,6.668,6.758
ivr-hi-0076,76,ann1,23,अपने,6.75,7.03
ivr-hi-0076,76,ann1,24,परिवार,7.008,7.418
ivr-hi-0076,76,ann1,25,वालो,7.432,7.732
ivr-hi-0076,76,ann1,26,के,7.731,7.871
ivr-hi-0076,76,ann1,27,साथ,7.865,8.165
ivr-hi-0076,76,ann1,28,वहाँ,8.154,8.464
ivr-hi-0076,76,ann1,29,जाकर,8.454,8.814
ivr-hi-0076,76,ann1,30,पिक्चर,8.815,9.315
ivr-hi-0076,76,ann1,31,जरूर,9.497,9.887
ivr-hi-0076,76,ann1,32,देखती,9.879,10.279
ivr-hi-0076,76,ann1,33,हूँ,10.271,10.432
ivr-hi-0076,76,ann2,0,पिक्चर,0.008,0.428
ivr-hi-0076,76,ann2,1,को,0.421,0.671
ivr-hi-0076,76,ann2,2,और,0.958,1.218
ivr-hi-0076,76,ann2,3,मैं,1.216,1.456
ivr-hi-0076,76,ann2,4,यह,1.443,1.653
ivr-hi-0076,76,ann2,5,अपने,1.65,1.93
ivr-hi-0076,76,ann2,6,परिवार,1.929,2.399
ivr-hi-0076,76,ann2,7,के,2.404,2.584
ivr-hi-0076,76,ann2,8,संग,2.579,2.879
ivr-hi-0076,76,ann2,9,पिक्चर,2.889,3.209
ivr-hi-0076,76,ann2,10,देखना,3.199,3.529
ivr-hi-0076,76,ann2,11,ज्यादा,3.519,3.919
ivr-hi-0076,76,ann2,12,पसंद,3.911,4.241
ivr-hi-0076,76,ann2,13,करती,4.241,4.621
ivr-hi-0076,76,ann2,14,हूँ,4.634,4.884
ivr-hi-0076,76,ann2,15,और,5.078,5.228
ivr-hi-0076,76,ann2,16,जब,5.222,5.412
ivr-hi-0076,76,ann2,17,भी,5.418,5.578
ivr-hi-0076,76,ann2,18,कभी,5.584,5.844
ivr-hi-0076,76,ann2,19,पिक्चर,5.831,6.141
ivr-hi-0076,76,ann2,20,लगती,6.151,6.481
ivr-hi-0076,76,ann2,21,है,6.492,6.662
ivr-hi-0076,76,ann2,22,तो,6.657,6.767
ivr-hi-0076,76,ann2,23,अपने,6.761,7.021
ivr-hi-0076,76,ann2,24,परिवार,7.029,7.409
ivr-hi-0076,76,ann2,25,वालो,7.401,7.711
ivr-hi-0076,76,ann2,26,के,7.7,7.88
ivr-hi-0076,76,ann2,27,साथ,7.876,8.166
ivr-hi-0076,76,ann2,28,वहाँ,8.165,8.455
ivr-hi-0076,76,ann2,29,जाकर,8.464,8.824
ivr-hi-0076,76,ann2,30,पिक्चर,8.826,9.316
ivr-hi-0076,76,ann2,31,जरूर,9.488,9.878
ivr-hi-0076,76,ann2,32,देखती,9.879,10.249
ivr-hi-0076,76,ann2,33,हूँ,10.25,10.432
ivr-hi-0077,77,ann1,0,सात,0.009,0.369
ivr-hi-0077,77,ann1,1,नवम्बर,0.364,1.154
ivr-hi-0077,77,ann1,2,दो,1.145,1.425
ivr-hi-0077,77,ann1,3,हज़ार,1.429,2.069
ivr-hi-0077,77,ann1,4,सत्रह,2.068,2.598
ivr-hi-0077,77,ann1,5,सितम्बर,2.6,3.41
ivr-hi-0077,77,ann1,6,उन्नीस,3.404,3.944
ivr-hi-0077,77,ann1,7,सौ,3.936,4.166
ivr-hi-0077,77,ann1,8,अस्सी,4.161,4.641
ivr-hi-0077,77,ann1,9,सात,5.178,5.598
ivr-hi-0077,77,ann1,10,मार्च,5.592,6.072
ivr-hi-0077,77,ann1,11,दो,6.065,6.315
ivr-hi-0077,77,ann1,12,हज़ार,6.302,6.812
ivr-hi-0077,77,ann1,13,पाँच,6.811,7.261
ivr-hi-0077,77,ann1,14,अठारह,7.248,7.868
ivr-hi-0077,77,ann1,15,फरवरी,7.863,8.453
ivr-hi-0077,77,ann1,16,दो,8.455,8.665
ivr-hi-0077,77,ann1,17,हज़ार,8.684,9.034
ivr-hi-0077,77,ann1,18,उन्नीस,9.058,9.508
ivr-hi-0077,77,ann1,19,छब्बीस,10.04,10.52
ivr-hi-0077,77,ann1,20,जनवरी,10.513,11.143
ivr-hi-0077,77,ann1,21,दो,11.151,11.311
ivr-hi-0077,77,ann1,22,हज़ार,11.317,11.667
ivr-hi-0077,77,ann1,23,आठ,11.672,11.942
ivr-hi-0078,78,ann1,0,दिक्कतों,0.01,0.62
ivr-hi-0078,78,ann1,1,का,0.615,0.905
ivr-hi-0078,78,ann1,2,सामना,0.898,1.448
ivr-hi-0078,78,ann1,3,करना,1.45,1.94
ivr-hi-0078,78,ann1,4,पड़ता,1.939,2.489
ivr-hi-0078,78,ann1,5,है,2.479,2.729
ivr-hi-0078,78,ann1,6,हमारे,3.199,3.849
ivr-hi-0078,78,ann1,7,जैसे,3.855,4.295
ivr-hi-0078,78,ann1,8,हमारे,4.279,4.779
ivr-hi-0078,78,ann1,9,जीवन,4.781,5.321
ivr-hi-0078,78,ann1,10,में,5.308,5.558
ivr-hi-0078,78,ann1,11,बिजली,5.874,6.394
ivr-hi-0078,78,ann1,12,कटौती,6.388,7.038
ivr-hi-0078,78,ann1,13,के,7.044,7.304
ivr-hi-0078,78,ann1,14,कारण,7.301,7.821
ivr-hi-0078,78,ann1,15,हमें,7.815,8.315
ivr-hi-0078,78,ann1,16,काफ़ी,8.702,9.312
ivr-hi-0078,78,ann1,17,दिक्कतों,9.885,10.425
ivr-hi-0078,78,ann1,18,का,10.413,10.603
ivr-hi-0078,78,ann1,19,सामना,10.593,11.053
ivr-hi-0078,78,ann1,20,करना,11.056,11.436
ivr-hi-0078,78,ann1,21,पड़ता,11.428,11.888
ivr-hi-0078,78,ann1,22,है,11.878,12.128
ivr-hi-0078,78,ann1,23,जैसे,12.11,12.63
ivr-hi-0078,78,ann1,24,कि,12.624,12.974
ivr-hi-0080,80,ann1,0,इसके,0.146,0.506
ivr-hi-0080,80,ann1,1,अलावा,0.507,0.977
ivr-hi-0080,80,ann1,2,यहाँ,2.066,2.466
ivr-hi-0080,80,ann1,3,पर,2.467,2.847
ivr-hi-0080,80,ann2,0,इसके,0.17,0.49
ivr-hi-0080,80,ann2,1,अलावा,0.49,0.99
ivr-hi-0080,80,ann2,2,यहाँ,2.066,2.446
ivr-hi-0080,80,ann2,3,पर,2.447,2.807
ivr-hi-0081,81,ann1,0,और,0.0,0.36
ivr-hi-0081,81,ann1,1,ट्रैकोनौलजी,1.13,1.92
ivr-hi-0081,81,ann1,2,सब,2.635,2.825
ivr-hi-0081,81,ann1,3,से,2.823,2.953
ivr-hi-0081,81,ann1,4,जादा,2.952,3.202
ivr-hi-0081,81,ann1,5,सब,3.79,3.97
ivr-hi-0081,81,ann1,6,से,3.965,4.085
ivr-hi-0081,81,ann1,7,जादा,4.083,4.533
ivr-hi-0081,81,ann1,8,अंगरेजी,5.002,5.512
ivr-hi-0081,81,ann1,9,को,5.5,5.9
ivr-hi-0081,81,ann2,0,और,0.011,0.361
ivr-hi-0081,81,ann2,1,ट्रैकोनौलजी,1.118,1.928
ivr-hi-0081,81,ann2,2,सब,2.671,2.821
ivr-hi-0081,81,ann2,3,से,2.817,2.947
ivr-hi-0081,81,ann2,4,जादा,2.952,3.262
ivr-hi-0081,81,ann2,5,सब,3.772,3.972
ivr-hi-0081,81,ann2,6,से,3.977,4.077
ivr-hi-0081,81,ann2,7,जादा,4.077,4.537
ivr-hi-0081,81,ann2,8,अंगरेजी,4.985,5.475
ivr-hi-0081,81,ann2,9,को,5.477,5.867
ivr-hi-0082,82,ann1,0,इस,0.077,0.467
ivr-hi-0082,82,ann1,1,समय,0.455,0.805
ivr-hi-0082,82,ann1,2,प्रचालन,0.808,1.488
ivr-hi-0082,82,ann1,3,बहुत,1.493,1.933
ivr-hi-0082,82,ann1,4,तेजी,2.334,2.584
ivr-hi-0082,82,ann1,5,से,2.589,2.779
ivr-hi-0082,82,ann1,6,है,2.778,3.198
ivr-hi-0082,82,ann1,7,और,3.189,3.549
ivr-hi-0082,82,ann1,8,यहाँ,4.076,4.366
ivr-hi-0082,82,ann1,9,के,4.363,4.473
ivr-hi-0082,82,ann1,10,लोग,4.468,4.778
ivr-hi-0082,82,ann1,11,सादी,4.781,5.151
ivr-hi-0082,82,ann1,12,वियाहों,5.155,5.485
ivr-hi-0082,82,ann1,13,में,5.486,5.616
ivr-hi-0082,82,ann1,14,भी,5.616,5.826
ivr-hi-0082,82,ann1,15,यही,5.825,6.075
ivr-hi-0082,82,ann1,16,खाना,6.073,6.573
ivr-hi-0082,82,ann2,0,इस,0.103,0.453
ivr-hi-0082,82,ann2,1,समय,0.449,0.789
ivr-hi-0082,82,ann2,2,प्रचालन,0.788,1.488
ivr-hi-0082,82,ann2,3,बहुत,1.48,1.89
ivr-hi-0082,82,ann2,4,तेजी,2.302,2.582
ivr-hi-0082,82,ann2,5,से,2.576,2.716
ivr-hi-0082,82,ann2,6,है,2.719,3.179
ivr-hi-0082,82,ann2,7,और,3.189,3.579
ivr-hi-0082,82,ann2,8,यहाँ,4.063,4.363
ivr-hi-0082,82,ann2,9,के,4.363,4.473
ivr-hi-0082,82,ann2,10,लोग,4.468,4.748
ivr-hi-0082,82,ann2,11,सादी,4.755,5.145
ivr-hi-0082,82,ann2,12,वियाहों,5.137,5.527
ivr-hi-0082,82,ann2,13,में,5.525,5.635
ivr-hi-0082,82,ann2,14,भी,5.636,5.836
ivr-hi-0082,82,ann2,15,यही,5.831,6.071
ivr-hi-0082,82,ann2,16,खाना,6.073,6.583
ivr-hi-0083,83,ann1,0,भारत,0.164,0.604
ivr-hi-0083,83,ann1,1,और,0.605,0.845
ivr-hi-0083,83,ann1,2,अदर,0.849,1.189
ivr-hi-0083,83,ann1,3,देस,1.188,1.508
ivr-hi-0083,83,ann1,4,के,1.511,1.761
ivr-hi-0083,83,ann1,5,हिसाब,2.219,2.629
ivr-hi-0083,83,ann1,6,से,2.629,3.139
ivr-hi-0083,83,ann1,7,भारत,3.133,3.533
ivr-hi-0083,83,ann1,8,की,3.527,3.667
ivr-hi-0083,83,ann1,9,जो,3.661,3.881
ivr-hi-0083,83,ann1,10,कल्चर,3.881,4.501
ivr-hi-0083,83,ann1,11,कृसी,4.496,5.036
ivr-hi-0083,83,ann1,12,विभाग,5.378,5.768
ivr-hi-0083,83,ann1,13,है,5.764,5.854
ivr-hi-0083,83,ann1,14,वो,5.85,5.95
ivr-hi-0083,83,ann1,15,सब,5.945,6.055
ivr-hi-0083,83,ann1,16,से,6.065,6.305
ivr-hi-0083,83,ann1,17,अलग,6.299,6.629
ivr-hi-0083,83,ann1,18,है,6.63,6.81
ivr-hi-0083,83,ann1,19,क्योंकि,6.811,7.231
ivr-hi-0083,83,ann1,20,भारत,7.221,7.601
ivr-hi-0083,83,ann1,21,में,7.599,7.949
ivr-hi-0083,83,ann2,0,भारत,0.156,0.626
ivr-hi-0083,83,ann2,1,और,0.629,0.869
ivr-hi-0083,83,ann2,2,अदर,0.865,1.225
ivr-hi-0083,83,ann2,3,देस,1.227,1.507
ivr-hi-0083,83,ann2,4,के,1.503,1.793
ivr-hi-0083,83,ann2,5,हिसाब,2.235,2.725
ivr-hi-0083,83,ann2,6,से,2.724,3.254
ivr-hi-0083,83,ann2,7,भारत,3.251,3.531
ivr-hi-0083,83,ann2,8,की,3.527,3.657
ivr-hi-0083,83,ann2,9,जो,3.661,3.891
ivr-hi-0083,83,ann2,10,कल्चर,3.881,4.501
ivr-hi-0083,83,ann2,11,कृसी,4.488,4.978
ivr-hi-0083,83,ann2,12,विभाग,5.386,5.746
ivr-hi-0083,83,ann2,13,है,5.748,5.848
ivr-hi-0083,83,ann2,14,वो,5.842,5.942
ivr-hi-0083,83,ann2,15,सब,5.937,6.077
ivr-hi-0083,83,ann2,16,से,6.087,6.257
ivr-hi-0083,83,ann2,17,अलग,6.268,6.618
ivr-hi-0083,83,ann2,18,है,6.614,6.854
ivr-hi-0083,83,ann2,19,क्योंकि,6.851,7.211
ivr-hi-0083,83,ann2,20,भारत,7.205,7.695
ivr-hi-0083,83,ann2,21,में,7.693,7.943
ivr-hi-0084,84,ann1,0,टमाटर,0.01,0.38
ivr-hi-0084,84,ann1,1,मटर,0.378,0.658
ivr-hi-0084,84,ann1,2,डाल,0.656,0.876
ivr-hi-0084,84,ann1,3,के,0.875,0.955
ivr-hi-0084,84,ann1,4,फ्राई,0.953,1.303
ivr-hi-0084,84,ann1,5,करते,1.303,1.623
ivr-hi-0084,84,ann1,6,हैं,1.622,1.932
ivr-hi-0084,84,ann2,0,टमाटर,0.018,0.368
ivr-hi-0084,84,ann2,1,मटर,0.365,0.635
ivr-hi-0084,84,ann2,2,डाल,0.634,0.884
ivr-hi-0084,84,ann2,3,के,0.887,0.987
ivr-hi-0084,84,ann2,4,फ्राई,0.988,1.308
ivr-hi-0084,84,ann2,5,करते,1.307,1.617
ivr-hi-0084,84,ann2,6,हैं,1.616,1.896
ivr-hi-0085,85,ann1,0,फ्रांस,0.0,0.73
ivr-hi-0085,85,ann1,1,अमेरिका,0.98,1.76
ivr-hi-0085,85,ann1,2,अफगानिस्तान,1.868,2.908
ivr-hi-0085,85,ann1,3,भूटान,3.339,3.889
ivr-hi-0085,85,ann1,4,चीन,3.892,4.272
ivr-hi-0085,85,ann2,0,फ्रांस,0.012,0.642
ivr-hi-0085,85,ann2,1,अमेरिका,0.964,1.674
ivr-hi-0085,85,ann2,2,अफगानिस्तान,1.708,3.008
ivr-hi-0085,85,ann2,3,भूटान,3.296,3.786
ivr-hi-0085,85,ann2,4,चीन,3.796,4.256
ivr-hi-0086,86,ann1,0,संभूनाथ,0.008,0.828
ivr-hi-0086,86,ann1,1,गोपीनाथ,0.868,1.668
ivr-hi-0086,86,ann1,2,छविनाथ,2.09,2.74
ivr-hi-0086,86,ann1,3,रंगलाल,2.895,3.692
ivr-hi-0086,86,ann1,4,सोहनलाल,4.097,4.667
ivr-hi-0086,86,ann2,0,संभूनाथ,0.033,0.843
ivr-hi-0086,86,ann2,1,गोपीनाथ,0.839,1.699
ivr-hi-0086,86,ann2,2,छविनाथ,2.08,2.76
ivr-hi-0086,86,ann2,3,रंगलाल,2.881,3.761
ivr-hi-0086,86,ann2,4,सोहनलाल,4.082,4.752
ivr-hi-0087,87,ann1,0,कुर्ती,0.0,0.33
ivr-hi-0087,87,ann1,1,न,0.323,0.463
ivr-hi-0087,87,ann1,2,सिकुड़ा,0.473,0.883
ivr-hi-0087,87,ann1,3,न,1.138,1.278
ivr-hi-0087,87,ann1,4,सिकुड़नपन,1.285,1.825
ivr-hi-0087,87,ann1,5,में,1.829,1.999
ivr-hi-0087,87,ann1,6,आया,1.995,2.225
ivr-hi-0087,87,ann1,7,ना,2.236,2.396
ivr-hi-0087,87,ann1,8,कुछ,2.394,2.734
ivr-hi-0087,87,ann1,9,कुर्ती,3.077,3.397
ivr-hi-0087,87,ann1,10,हमें,3.393,3.623
ivr-hi-0087,87,ann1,11,बोहोत,3.617,3.897
ivr-hi-0087,87,ann1,12,अच्छा,3.9,4.16
ivr-hi-0087,87,ann1,13,लगा,4.158,4.598
ivr-hi-0087,87,ann1,14,कुर्ती,5.198,5.528
ivr-hi-0087,87,ann1,15,हम,5.523,5.723
ivr-hi-0087,87,ann1,16,पेहेन,5.714,5.974
ivr-hi-0087,87,ann1,17,के,5.997,6.117
ivr-hi-0087,87,ann1,18,बोहोत,6.113,6.353
ivr-hi-0087,87,ann1,19,अच्छा,6.354,6.674
ivr-hi-0087,87,ann1,20,लगा,6.671,6.961
ivr-hi-0087,87,ann1,21,हमें,6.962,7.254
ivr-hi-0087,87,ann1,22,कुर्ती,7.777,8.387
ivr-hi-0087,87,ann2,0,कुर्ती,0.007,0.317
ivr-hi-0087,87,ann2,1,न,0.306,0.446
ivr-hi-0087,87,ann2,2,सिकुड़ा,0.439,0.889
ivr-hi-0087,87,ann2,3,न,1.135,1.255
ivr-hi-0087,87,ann2,4,सिकुड़नपन,1.263,1.833
ivr-hi-0087,87,ann2,5,में,1.837,1.997
ivr-hi-0087,87,ann2,6,आया,1.995,2.195
ivr-hi-0087,87,ann2,7,ना,2.186,2.396
ivr-hi-0087,87,ann2,8,कुछ,2.394,2.724
ivr-hi-0087,87,ann2,9,कुर्ती,3.077,3.387
ivr-hi-0087,87,ann2,10,हमें,3.384,3.624
ivr-hi-0087,87,ann2,11,बोहोत,3.617,3.887
ivr-hi-0087,87,ann2,12,अच्छा,3.884,4.164
ivr-hi-0087,87,ann2,13,लगा,4.168,4.578
ivr-hi-0087,87,ann2,14,कुर्ती,5.215,5.515
ivr-hi-0087,87,ann2,15,हम,5.506,5.736
ivr-hi-0087,87,ann2,16,पेहेन,5.731,6.001
ivr-hi-0087,87,ann2,17,के,5.988,6.098
ivr-hi-0087,87,ann2,18,बोहोत,6.097,6.347
ivr-hi-0087,87,ann2,19,अच्छा,6.346,6.666
ivr-hi-0087,87,ann2,20,लगा,6.671,6.951
ivr-hi-0087,87,ann2,21,हमें,6.945,7.295
ivr-hi-0087,87,ann2,22,कुर्ती,7.785,8.405
ivr-hi-0088,88,ann1,0,सूट,0.01,0.39
ivr-hi-0088,88,ann1,1,जो,0.384,0.654
ivr-hi-0088,88,ann1,2,पेहनी,0.659,0.989
ivr-hi-0088,88,ann1,3,थीं,0.996,1.416
ivr-hi-0088,88,ann1,4,वो,1.648,1.828
ivr-hi-0088,88,ann1,5,सूट,1.832,2.232
ivr-hi-0088,88,ann1,6,उनका,2.219,2.579
ivr-hi-0088,88,ann1,7,और,2.569,2.709
ivr-hi-0088,88,ann1,8,साड़ी,2.706,3.066
ivr-hi-0088,88,ann1,9,मतलब,3.055,3.535
ivr-hi-0088,88,ann1,10,साड़ी,3.829,4.129
ivr-hi-0088,88,ann1,11,का,4.116,4.246
ivr-hi-0088,88,ann1,12,ब्लाउज़,4.254,4.614
ivr-hi-0088,88,ann1,13,जो,4.616,4.766
ivr-hi-0088,88,ann1,14,था,4.765,5.155
ivr-hi-0088,88,ann1,15,उसमें,5.701,5.951
ivr-hi-0088,88,ann1,16,का,5.951,6.051
ivr-hi-0088,88,ann1,17,भी,6.051,6.201
ivr-hi-0088,88,ann1,18,हम,6.201,6.411
ivr-hi-0088,88,ann1,19,देख,6.413,6.603
ivr-hi-0088,88,ann1,20,के,6.6,7.0
ivr-hi-0088,88,ann1,21,मुझे,7.0,7.3
ivr-hi-0088,88,ann1,22,बहुत,7.299,7.579
ivr-hi-0088,88,ann1,23,काफ़ी,7.586,7.866
ivr-hi-0088,88,ann1,24,अच्छा,7.873,8.123
ivr-hi-0088,88,ann1,25,लगा,8.123,8.503
ivr-hi-0088,88,ann1,26,उसका,8.947,9.227
ivr-hi-0088,88,ann1,27,भी,9.221,9.371
ivr-hi-0088,88,ann1,28,हम,9.383,9.643
ivr-hi-0088,88,ann1,29,मतलब,9.646,9.896
ivr-hi-0088,88,ann1,30,ट्राई,9.895,10.175
ivr-hi-0088,88,ann1,31,किए,10.17,10.42
ivr-hi-0088,88,ann1,32,हैं,10.407,10.557
ivr-hi-0088,88,ann1,33,बनाने,10.544,10.914
ivr-hi-0088,88,ann1,34,का,10.919,11.169
ivr-hi-0088,88,ann1,35,ताकि,11.555,11.715
ivr-hi-0088,88,ann1,36,हम,11.705,11.895
ivr-hi-0088,88,ann1,37,बना,11.905,12.155
ivr-hi-0088,88,ann1,38,सकें,12.154,12.584
ivr-hi-0089,89,ann1,0,हिल्स,0.047,0.467
ivr-hi-0089,89,ann1,1,स्टेसन,0.468,0.928
ivr-hi-0089,89,ann1,2,है,0.928,1.119
ivr-hi-0089,89,ann2,0,हिल्स,0.042,0.462
ivr-hi-0089,89,ann2,1,स्टेसन,0.462,0.942
ivr-hi-0089,89,ann2,2,है,0.945,1.119
ivr-hi-0090,90,ann1,0,नहीं,0.063,0.323
ivr-hi-0090,90,ann1,1,भाई,0.324,0.684
ivr-hi-0090,90,ann1,2,अच्छा,1.236,1.676
ivr-hi-0090,90,ann2,0,नहीं,0.061,0.331
ivr-hi-0090,90,ann2,1,भाई,0.343,0.623
ivr-hi-0090,90,ann2,2,अच्छा,1.225,1.565
ivr-hi-0091,91,ann1,0,तो,0.039,0.249
ivr-hi-0091,91,ann1,1,आप,0.248,0.548
ivr-hi-0091,91,ann1,2,उठाकर,0.764,1.234
ivr-hi-0091,91,ann1,3,देखिए,1.233,1.653
ivr-hi-0091,91,ann1,4,पिछले,1.653,2.333
ivr-hi-0091,91,ann2,0,तो,0.03,0.25
ivr-hi-0091,91,ann2,1,आप,0.257,0.507
ivr-hi-0091,91,ann2,2,उठाकर,0.762,1.142
ivr-hi-0091,91,ann2,3,देखिए,1.146,1.576
ivr-hi-0091,91,ann2,4,पिछले,1.65,2.3
ivr-hi-0092,92,ann1,0,चौदा,0.002,0.382
ivr-hi-0092,92,ann1,1,हज़ार,0.382,0.772
ivr-hi-0092,92,ann1,2,पान,1.127,1.417
ivr-hi-0092,92,ann1,3,सो,1.415,1.785
ivr-hi-0092,92,ann1,4,बीस,2.112,2.532
ivr-hi-0092,92,ann2,0,चौदा,0.002,0.322
ivr-hi-0092,92,ann2,1,हज़ार,0.321,0.781
ivr-hi-0092,92,ann2,2,पान,1.124,1.404
ivr-hi-0092,92,ann2,3,सो,1.403,1.763
ivr-hi-0092,92,ann2,4,बीस,2.109,2.539
ivr-hi-0093,93,ann1,0,अट्ठावन,0.027,0.577
ivr-hi-0093,93,ann1,1,हज़ार,0.575,0.985
ivr-hi-0093,93,ann1,2,नौ,1.328,1.608
ivr-hi-0093,93,ann1,3,सौ,1.608,1.868
ivr-hi-0093,93,ann1,4,तीस,2.099,2.459
ivr-hi-0093,93,ann2,0,अट्ठावन,0.033,0.563
ivr-hi-0093,93,ann2,1,हज़ार,0.566,1.016
ivr-hi-0093,93,ann2,2,नौ,1.328,1.578
ivr-hi-0093,93,ann2,3,सौ,1.578,1.888
ivr-hi-0093,93,ann2,4,तीस,2.105,2.575
ivr-hi-0094,94,ann1,0,भां,0.116,0.406
ivr-hi-0094,94,ann1,1,का,0.403,0.783
ivr-hi-0094,94,ann1,2,मौसम,1.5,1.94
ivr-hi-0094,94,ann1,3,कैसा,1.939,2.279
ivr-hi-0094,94,ann1,4,क्या,2.277,2.457
ivr-hi-0094,94,ann1,5,रेहता,2.455,2.815
ivr-hi-0094,94,ann1,6,हे,2.815,3.115
ivr-hi-0094,94,ann1,7,बर्फ़ीला,3.214,3.714
ivr-hi-0094,94,ann1,8,छेत्र,3.718,4.108
ivr-hi-0094,94,ann1,9,हे,4.108,4.358
ivr-hi-0095,95,ann1,0,अट्ठाइस,0.044,0.544
ivr-hi-0095,95,ann1,1,चार,1.47,1.73
ivr-hi-0095,95,ann1,2,सौ,1.73,1.86
ivr-hi-0095,95,ann1,3,बत्तीस,1.86,2.5
ivr-hi-0095,95,ann1,4,नौ,3.28,3.53
ivr-hi-0095,95,ann1,5,हज़ार,3.53,3.92
ivr-hi-0095,95,ann1,6,छे,3.916,4.146
ivr-hi-0095,95,ann1,7,सौ,4.141,4.441
ivr-hi-0095,95,ann1,8,छब्बीस,4.441,5.031
ivr-hi-0095,95,ann2,0,अट्ठाइस,0.094,0.535
ivr-hi-0095,95,ann2,1,चार,1.475,1.725
ivr-hi-0095,95,ann2,2,सौ,1.725,1.875
ivr-hi-0095,95,ann2,3,बत्तीस,1.87,2.46
ivr-hi-0095,95,ann2,4,नौ,3.265,3.505
ivr-hi-0095,95,ann2,5,हज़ार,3.505,3.925
ivr-hi-0095,95,ann2,6,छे,3.926,4.146
ivr-hi-0095,95,ann2,7,सौ,4.146,4.406
ivr-hi-0095,95,ann2,8,छब्बीस,4.411,5.021
ivr-hi-0098,98,ann1,0,क्या,0.0,0.07
ivr-hi-0098,98,ann1,1,होता,0.079,0.439
ivr-hi-0098,98,ann1,2,है,0.437,0.627
ivr-hi-0098,98,ann1,3,आत्मविश्वास,0.622,1.612
ivr-hi-0098,98,ann1,4,और,1.859,2.109
ivr-hi-0098,98,ann1,5,आत्मसम्मान,2.275,3.275
ivr-hi-0098,98,ann1,6,बनाने,3.847,4.397
ivr-hi-0098,98,ann1,7,के,4.39,4.5
ivr-hi-0098,98,ann1,8,लिए,4.494,4.774
ivr-hi-0098,98,ann1,9,भी,4.772,5.002
ivr-hi-0098,98,ann1,10,किया,5.003,5.203
ivr-hi-0098,98,ann1,11,जा,5.188,5.358
ivr-hi-0098,98,ann1,12,सकता,5.349,5.759
ivr-hi-0098,98,ann1,13,है,5.777,5.967
ivr-hi-0098,98,ann1,14,जैसेकि,6.713,7.453
ivr-hi-0098,98,ann1,15,अगर,7.442,7.762
ivr-hi-0098,98,ann1,16,मैं,7.765,7.985
ivr-hi-0098,98,ann1,17,आप,7.985,8.305
ivr-hi-0098,98,ann1,18,देखे,8.309,8.759
ivr-hi-0098,98,ann1,19,तो,8.759,9.069
ivr-hi-0098,98,ann1,20,कोई,10.089,10.259
ivr-hi-0098,98,ann1,21,अगर,10.25,10.71
ivr-hi-0098,98,ann1,22,क्रिकेट,10.701,11.081
ivr-hi-0098,98,ann1,23,खेलता,11.083,11.483
ivr-hi-0098,98,ann1,24,है,11.476,11.679
ivr-hi-0099,99,ann1,0,किशोर,0.002,0.472
ivr-hi-0099,99,ann1,1,कुमार,0.556,1.056
ivr-hi-0099,99,ann1,2,कहाँ,1.207,1.517
ivr-hi-0099,99,ann1,3,से,1.517,1.827
ivr-hi-0099,99,ann1,4,है,1.83,2.17
ivr-hi-0099,99,ann2,0,किशोर,0.0,0.49
ivr-hi-0099,99,ann2,1,कुमार,0.554,1.054
ivr-hi-0099,99,ann2,2,कहाँ,1.209,1.519
ivr-hi-0099,99,ann2,3,से,1.517,1.807
ivr-hi-0099,99,ann2,4,है,1.807,2.167
ivr-hi-0101,101,ann1,0,क्या,0.022,0.482
ivr-hi-0101,101,ann1,1,पैट,0.622,0.952
ivr-hi-0101,101,ann1,2,फूड,0.947,1.527
ivr-hi-0101,101,ann1,3,आइटम्स,1.521,2.271
ivr-hi-0101,101,ann1,4,पर,2.27,2.77
ivr-hi-0101,101,ann1,5,कोई,3.182,3.612
ivr-hi-0101,101,ann1,6,ऑफर,3.611,4.051
ivr-hi-0101,101,ann1,7,है,4.049,4.509
ivr-hi-0101,101,ann2,0,क्या,0.008,0.468
ivr-hi-0101,101,ann2,1,पैट,0.609,0.999
ivr-hi-0101,101,ann2,2,फूड,1.01,1.53
ivr-hi-0101,101,ann2,3,आइटम्स,1.525,2.285
ivr-hi-0101,101,ann2,4,पर,2.284,2.774
ivr-hi-0101,101,ann2,5,कोई,3.182,3.582
ivr-hi-0101,101,ann2,6,ऑफर,3.58,4.05
ivr-hi-0101,101,ann2,7,है,4.049,4.469
ivr-hi-0102,102,ann1,0,क्या,0.02,0.27
ivr-hi-0102,102,ann1,1,मुझे,0.264,0.804
ivr-hi-0102,102,ann1,2,तुरंत,0.806,1.216
ivr-hi-0102,102,ann1,3,मैथ्यू,1.217,1.877
ivr-hi-0102,102,ann1,4,टैकसिएर,1.986,2.766
ivr-hi-0102,102,ann1,5,कोकोनट,3.15,3.77
ivr-hi-0102,102,ann1,6,सिरप,3.773,4.303
ivr-hi-0102,102,ann1,7,मिल,4.396,4.686
ivr-hi-0102,102,ann1,8,सकता,4.683,5.243
ivr-hi-0102,102,ann1,9,है,5.24,5.471
ivr-hi-0103,103,ann1,0,अगर,0.005,0.385
ivr-hi-0103,103,ann1,1,मुझे,0.38,1.06
ivr-hi-0103,103,ann1,2,भारत,1.799,2.339
ivr-hi-0103,103,ann1,3,में,2.337,2.737
ivr-hi-0103,103,ann1,4,तस्वीरें,2.741,3.331
ivr-hi-0103,103,ann1,5,खिंचाने,3.333,4.003
ivr-hi-0103,103,ann1,6,का,4.006,4.256
ivr-hi-0103,103,ann1,7,मौका,4.253,4.703
ivr-hi-0103,103,ann1,8,मिले,4.71,5.26
ivr-hi-0103,103,ann1,9,और,5.272,5.452
ivr-hi-0103,103,ann1,10,उसे,5.448,5.918
ivr-hi-0104,104,ann1,0,हमें,0.006,0.426
ivr-hi-0104,104,ann1,1,मेरे,0.581,0.921
ivr-hi-0104,104,ann1,2,को,0.909,1.069
ivr-hi-0104,104,ann1,3,अगर,1.055,1.375
ivr-hi-0104,104,ann1,4,तस्वीरे,1.376,1.826
ivr-hi-0104,104,ann1,5,खिंचवानी,1.82,2.35
ivr-hi-0104,104,ann1,6,पड़े,2.345,2.665
ivr-hi-0104,104,ann1,7,तो,2.673,2.763
ivr-hi-0104,104,ann1,8,मैं,2.775,2.985
ivr-hi-0104,104,ann1,9,भारत,3.569,3.939
ivr-hi-0104,104,ann1,10,की,3.95,4.12
ivr-hi-0104,104,ann1,11,काफ़ी,4.115,4.555
ivr-hi-0104,104,ann1,12,सुन्दर,4.552,4.832
ivr-hi-0104,104,ann1,13,सुन्दर,4.829,5.199
ivr-hi-0104,104,ann1,14,जगाहों,5.194,5.684
ivr-hi-0104,104,ann1,15,कि,5.682,5.822
ivr-hi-0104,104,ann1,16,तस्वीरें,5.82,6.3
ivr-hi-0104,104,ann1,17,खिंचवा,6.301,6.691
ivr-hi-0104,104,ann1,18,सकती,6.687,7.167
ivr-hi-0104,104,ann1,19,हूँ,7.168,7.362
ivr-hi-0105,105,ann1,0,हमें,0.01,0.365
ivr-hi-0105,105,ann1,1,इनसे,0.373,0.973
ivr-hi-0105,105,ann1,2,यह,0.967,1.197
ivr-hi-0105,105,ann1,3,सीखने,1.195,1.745
ivr-hi-0105,105,ann1,4,को,1.734,1.934
ivr-hi-0105,105,ann1,5,मिलता,1.935,2.375
ivr-hi-0105,105,ann1,6,है,2.374,2.624
ivr-hi-0105,105,ann1,7,हम,3.002,3.252
ivr-hi-0105,105,ann1,8,नए,3.251,3.471
ivr-hi-0105,105,ann1,9,नए,3.47,3.72
ivr-hi-0105,105,ann1,10,तरीके,3.741,4.291
ivr-hi-0105,105,ann1,11,के,4.283,4.483
ivr-hi-0105,105,ann1,12,व्यंजन,4.5,5.0
ivr-hi-0105,105,ann1,13,बनाना,5.051,5.631
ivr-hi-0105,105,ann1,14,इनसे,5.627,6.137
ivr-hi-0105,105,ann1,15,सीखते,6.138,6.688
ivr-hi-0105,105,ann1,16,हैं,6.687,6.987
ivr-hi-0105,105,ann1,17,और,7.481,7.671
ivr-hi-0105,105,ann1,18,खाना,7.733,8.073
ivr-hi-0105,105,ann1,19,बनाना,8.075,8.625
ivr-hi-0105,105,ann1,20,भी,8.649,8.919
ivr-hi-0107,107,ann1,0,हाँ,0.016,0.276
ivr-hi-0107,107,ann1,1,मैं,0.278,0.588
ivr-hi-0107,107,ann1,2,अपने,0.584,0.964
ivr-hi-0107,107,ann1,3,परिवार,0.959,1.579
ivr-hi-0107,107,ann1,4,और,1.714,1.974
ivr-hi-0107,107,ann1,5,दोस्तों,1.966,2.486
ivr-hi-0107,107,ann1,6,के,2.484,2.694
ivr-hi-0107,107,ann1,7,बारे,2.688,3.018
ivr-hi-0107,107,ann1,8,में,3.022,3.272
ivr-hi-0107,107,ann1,9,बता,3.273,3.653
ivr-hi-0107,107,ann1,10,सकती,3.655,4.135
ivr-hi-0107,107,ann1,11,हूँ,4.138,4.388
ivr-hi-0107,107,ann1,12,मेरा,4.383,4.823
ivr-hi-0107,107,ann1,13,परिवार,4.826,5.346
ivr-hi-0107,107,ann1,14,एक,5.343,5.593
ivr-hi-0107,107,ann1,15,संयुक्त,5.588,6.108
ivr-hi-0107,107,ann1,16,परिवार,6.106,6.646
ivr-hi-0107,107,ann1,17,है,6.644,6.879
ivr-hi-0109,109,ann1,0,कैसी,0.038,0.348
ivr-hi-0109,109,ann1,1,मिठाइयां,0.352,1.032
ivr-hi-0109,109,ann1,2,का,1.051,1.301
ivr-hi-0109,109,ann1,3,खाई,1.546,1.876
ivr-hi-0109,109,ann1,4,जाएं,1.885,2.345
ivr-hi-0109,109,ann1,5,यह,2.347,2.607
ivr-hi-0109,109,ann1,6,सब,2.598,2.798
ivr-hi-0109,109,ann1,7,समाचार,2.795,3.375
ivr-hi-0109,109,ann1,8,जगत,3.368,3.688
ivr-hi-0109,109,ann1,9,हम,3.682,3.972
ivr-hi-0109,109,ann1,10,तक,3.973,4.253
ivr-hi-0109,109,ann1,11,पहोचाता,4.248,4.788
ivr-hi-0109,109,ann1,12,है,4.782,5.082
ivr-hi-0109,109,ann1,13,कैसी,5.08,5.43
ivr-hi-0109,109,ann1,14,संस्कृति,5.43,6.0
ivr-hi-0109,109,ann1,15,राजिस्थान,5.999,6.509
ivr-hi-0109,109,ann1,16,में,6.502,6.662
ivr-hi-0109,109,ann1,17,अपनाई,6.659,7.069
ivr-hi-0109,109,ann1,18,जाती,7.075,7.555
ivr-hi-0109,109,ann1,19,हैं,7.554,7.924
ivr-hi-0109,109,ann2,0,कैसी,0.038,0.408
ivr-hi-0109,109,ann2,1,मिठाइयां,0.407,1.037
ivr-hi-0109,109,ann2,2,का,1.035,1.305
ivr-hi-0109,109,ann2,3,खाई,1.546,1.876
ivr-hi-0109,109,ann2,4,जाएं,1.876,2.296
ivr-hi-0109,109,ann2,5,यह,2.425,2.595
ivr-hi-0109,109,ann2,6,सब,2.593,2.783
ivr-hi-0109,109,ann2,7,समाचार,2.779,3.359
ivr-hi-0109,109,ann2,8,जगत,3.352,3.742
ivr-hi-0109,109,ann2,9,हम,3.745,3.955
ivr-hi-0109,109,ann2,10,तक,3.949,4.229
ivr-hi-0109,109,ann2,11,पहोचाता,4.216,4.806
ivr-hi-0109,109,ann2,12,है,4.805,5.075
ivr-hi-0109,109,ann2,13,कैसी,5.065,5.415
ivr-hi-0109,109,ann2,14,संस्कृति,5.41,5.96
ivr-hi-0109,109,ann2,15,राजिस्थान,5.952,6.492
ivr-hi-0109,109,ann2,16,में,6.486,6.606
ivr-hi-0109,109,ann2,17,अपनाई,6.612,7.072
ivr-hi-0109,109,ann2,18,जाती,7.075,7.555
ivr-hi-0109,109,ann2,19,हैं,7.547,7.937
ivr-hi-0110,110,ann1,0,किस,0.067,0.327
ivr-hi-0110,110,ann1,1,तरह,0.321,0.591
ivr-hi-0110,110,ann1,2,मिल,0.585,0.795
ivr-hi-0110,110,ann1,3,जुल,0.79,1.04
ivr-hi-0110,110,ann1,4,कर,1.035,1.265
ivr-hi-0110,110,ann1,5,त्योहार,1.26,1.64
ivr-hi-0110,110,ann1,6,मनाए,1.652,2.012
ivr-hi-0110,110,ann1,7,जाते,2.003,2.383
ivr-hi-0110,110,ann1,8,हैं,2.385,2.775
ivr-hi-0110,110,ann1,9,राजिस्थान,2.776,3.446
ivr-hi-0110,110,ann1,10,का,3.432,3.632
ivr-hi-0110,110,ann1,11,समाचार,3.627,4.197
ivr-hi-0110,110,ann1,12,मीडिया,4.195,4.745
ivr-hi-0110,110,ann1,13,हम,4.742,4.992
ivr-hi-0110,110,ann1,14,तक,4.987,5.367
ivr-hi-0110,110,ann1,15,यह,5.525,5.745
ivr-hi-0110,110,ann1,16,बातें,5.74,6.17
ivr-hi-0110,110,ann1,17,पहोचाता,6.161,6.721
ivr-hi-0110,110,ann1,18,है,6.718,7.088
ivr-hi-0110,110,ann1,19,और,7.09,7.31
ivr-hi-0110,110,ann1,20,हमें,7.305,7.555
ivr-hi-0110,110,ann1,21,यह,7.55,7.77
ivr-hi-0110,110,ann1,22,बातें,7.765,8.365
ivr-hi-0110,110,ann1,23,बहोत,8.362,8.682
ivr-hi-0110,110,ann1,24,अच्छी,8.685,9.155
ivr-hi-0110,110,ann1,25,लगती,9.154,9.614
ivr-hi-0110,110,ann1,26,हैं,9.604,9.854
ivr-hi-0110,110,ann2,0,किस,0.125,0.355
ivr-hi-0110,110,ann2,1,तरह,0.36,0.59
ivr-hi-0110,110,ann2,2,मिल,0.595,0.815
ivr-hi-0110,110,ann2,3,जुल,0.81,1.06
ivr-hi-0110,110,ann2,4,कर,1.055,1.295
ivr-hi-0110,110,ann2,5,त्योहार,1.299,1.639
ivr-hi-0110,110,ann2,6,मनाए,1.641,2.011
ivr-hi-0110,110,ann2,7,जाते,2.003,2.403
ivr-hi-0110,110,ann2,8,हैं,2.414,2.664
ivr-hi-0110,110,ann2,9,राजिस्थान,2.873,3.433
ivr-hi-0110,110,ann2,10,का,3.422,3.612
ivr-hi-0110,110,ann2,11,समाचार,3.608,4.198
ivr-hi-0110,110,ann2,12,मीडिया,4.195,4.745
ivr-hi-0110,110,ann2,13,हम,4.742,5.002
ivr-hi-0110,110,ann2,14,तक,5.007,5.237
ivr-hi-0110,110,ann2,15,यह,5.505,5.715
ivr-hi-0110,110,ann2,16,बातें,5.711,6.191
ivr-hi-0110,110,ann2,17,पहोचाता,6.201,6.801
ivr-hi-0110,110,ann2,18,है,6.797,7.147
ivr-hi-0110,110,ann2,19,और,7.157,7.307
ivr-hi-0110,110,ann2,20,हमें,7.305,7.595
ivr-hi-0110,110,ann2,21,यह,7.599,7.809
ivr-hi-0110,110,ann2,22,बातें,7.795,8.235
ivr-hi-0110,110,ann2,23,बहोत,8.45,8.72
ivr-hi-0110,110,ann2,24,अच्छी,8.724,9.154
ivr-hi-0110,110,ann2,25,लगती,9.154,9.614
ivr-hi-0110,110,ann2,26,हैं,9.604,9.854
ivr-hi-0111,111,ann1,0,बच्चों,0.028,0.488
ivr-hi-0111,111,ann1,1,के,0.484,0.684
ivr-hi-0111,111,ann1,2,कपड़ों,0.677,1.087
ivr-hi-0111,111,ann1,3,को,1.093,1.303
ivr-hi-0111,111,ann1,4,डिटॉल,1.295,1.695
ivr-hi-0111,111,ann1,5,से,1.691,1.851
ivr-hi-0111,111,ann1,6,धोना,1.843,2.173
ivr-hi-0111,111,ann1,7,चाहिए,2.167,2.677
ivr-hi-0111,111,ann1,8,ताकि,2.664,3.034
ivr-hi-0111,111,ann1,9,उसमे,3.039,3.379
ivr-hi-0111,111,ann1,10,कोई,3.373,3.623
ivr-hi-0111,111,ann1,11,भी,3.616,3.836
ivr-hi-0111,111,ann1,12,कीटाणु,3.839,4.309
ivr-hi-0111,111,ann1,13,ना,4.305,4.525
ivr-hi-0111,111,ann1,14,लगने,4.508,4.928
ivr-hi-0111,111,ann1,15,पाए,4.954,5.294
ivr-hi-0111,111,ann1,16,बच्चों,5.643,6.043
ivr-hi-0111,111,ann1,17,के,6.039,6.219
ivr-hi-0111,111,ann1,18,कपड़ों,6.211,6.631
ivr-hi-0111,111,ann1,19,को,6.617,6.867
ivr-hi-0111,111,ann1,20,साफ,7.083,7.353
ivr-hi-0111,111,ann1,21,सुथरी,7.346,7.756
ivr-hi-0111,111,ann1,22,जगह,7.752,8.072
ivr-hi-0111,111,ann1,23,पे,8.076,8.256
ivr-hi-0111,111,ann1,24,रखना,8.258,8.578
ivr-hi-0111,111,ann1,25,चाहिए,8.563,9.233
ivr-hi-0111,111,ann1,26,बच्चों,9.465,9.915
ivr-hi-0111,111,ann1,27,को,9.911,10.221
ivr-hi-0112,112,ann1,0,यहाँ,0.009,0.509
ivr-hi-0112,112,ann1,1,लोग,0.579,0.989
ivr-hi-0112,112,ann1,2,खाली,1.193,1.533
ivr-hi-0112,112,ann1,3,समय,1.544,1.794
ivr-hi-0112,112,ann1,4,बिताने,1.806,2.246
ivr-hi-0112,112,ann1,5,के,2.246,2.436
ivr-hi-0112,112,ann1,6,लिए,2.433,2.803
ivr-hi-0112,112,ann1,7,जयगढ़,3.124,3.704
ivr-hi-0112,112,ann1,8,नाहरगढ़,3.87,4.7
ivr-hi-0112,112,ann1,9,जल,4.791,5.111
ivr-hi-0112,112,ann1,10,महल,5.098,5.598
ivr-hi-0112,112,ann1,11,आमेर,5.778,6.208
ivr-hi-0112,112,ann1,12,मंदिर,6.206,6.787
ivr-hi-0112,112,ann1,13,जाते,6.963,7.383
ivr-hi-0112,112,ann1,14,हैं,7.38,7.63
ivr-hi-0112,112,ann1,15,अपना,7.841,8.301
ivr-hi-0112,112,ann1,16,समय,8.652,9.022
ivr-hi-0112,112,ann1,17,बिताते,9.014,9.574
ivr-hi-0112,112,ann1,18,हैं,9.574,9.894
ivr-hi-0112,112,ann1,19,पिकनिक,9.892,10.272
ivr-hi-0112,112,ann1,20,मनाते,10.265,10.815
ivr-hi-0112,112,ann1,21,हैं,10.802,11.082
ivr-hi-0112,112,ann2,0,यहाँ,0.031,0.551
ivr-hi-0112,112,ann2,1,लोग,0.557,0.987
ivr-hi-0112,112,ann2,2,खाली,1.193,1.523
ivr-hi-0112,112,ann2,3,समय,1.512,1.762
ivr-hi-0112,112,ann2,4,बिताने,1.764,2.234
ivr-hi-0112,112,ann2,5,के,2.235,2.395
ivr-hi-0112,112,ann2,6,लिए,2.389,2.779
ivr-hi-0112,112,ann2,7,जयगढ़,3.124,3.714
ivr-hi-0112,112,ann2,8,नाहरगढ़,3.87,4.7
ivr-hi-0112,112,ann2,9,जल,4.799,5.069
ivr-hi-0112,112,ann2,10,महल,5.076,5.566
ivr-hi-0112,112,ann2,11,आमेर,5.768,6.198
ivr-hi-0112,112,ann2,12,मंदिर,6.195,6.735
ivr-hi-0112,112,ann2,13,जाते,6.974,7.354
ivr-hi-0112,112,ann2,14,हैं,7.347,7.647
ivr-hi-0112,112,ann2,15,अपना,7.841,8.261
ivr-hi-0112,112,ann2,16,समय,8.608,9.008
ivr-hi-0112,112,ann2,17,बिताते,9.003,9.553
ivr-hi-0112,112,ann2,18,हैं,9.563,9.933
ivr-hi-0112,112,ann2,19,पिकनिक,9.947,10.267
ivr-hi-0112,112,ann2,20,मनाते,10.254,10.774
ivr-hi-0112,112,ann2,21,हैं,10.802,11.072
ivr-hi-0114,114,ann1,0,आकाश,0.05,0.449
ivr-hi-0114,114,ann1,1,गंगाएं,0.448,0.998
ivr-hi-0114,114,ann1,2,भी,0.988,1.538
ivr-hi-0115,115,ann1,0,मौसम,0.024,0.424
ivr-hi-0115,115,ann1,1,के,0.424,0.574
ivr-hi-0115,115,ann1,2,हिसाब,0.575,0.835
ivr-hi-0115,115,ann1,3,से,0.834,1.094
ivr-hi-0115,115,ann1,4,अलग,1.095,1.365
ivr-hi-0115,115,ann1,5,अलग,1.363,1.643
ivr-hi-0115,115,ann1,6,पीने,1.643,1.923
ivr-hi-0115,115,ann1,7,के,1.924,2.054
ivr-hi-0115,115,ann1,8,लिए,2.05,2.46
ivr-hi-0116,116,ann1,0,हिन्दू,0.007,0.507
ivr-hi-0116,116,ann1,1,धर्म,0.509,0.769
ivr-hi-0116,116,ann1,2,की,0.768,0.918
ivr-hi-0116,116,ann1,3,संस्कृति,0.91,1.64
ivr-hi-0116,116,ann1,4,में,2.575,2.825
ivr-hi-0116,116,ann1,5,पूजा,2.817,3.117
ivr-hi-0116,116,ann1,6,पाठ,3.118,3.368
ivr-hi-0116,116,ann1,7,करना,3.369,3.899
ivr-hi-0116,116,ann1,8,अपने,4.047,4.657
ivr-hi-0116,116,ann1,9,आराध्यों,5.034,5.524
ivr-hi-0116,116,ann1,10,की,5.519,5.729
ivr-hi-0116,116,ann1,11,पूजा,5.728,5.978
ivr-hi-0116,116,ann1,12,करना,5.979,6.519
ivr-hi-0116,116,ann1,13,देवी,6.782,7.002
ivr-hi-0116,116,ann1,14,देवताओं,7.0,7.42
ivr-hi-0116,116,ann1,15,की,7.418,7.608
ivr-hi-0116,116,ann1,16,पूजा,7.61,7.88
ivr-hi-0116,116,ann1,17,करना,7.87,8.43
ivr-hi-0116,116,ann2,0,हिन्दू,0.0,0.51
ivr-hi-0116,116,ann2,1,धर्म,0.509,0.769
ivr-hi-0116,116,ann2,2,की,0.768,0.868
ivr-hi-0116,116,ann2,3,संस्कृति,0.868,1.688
ivr-hi-0116,116,ann2,4,में,2.583,2.793
ivr-hi-0116,116,ann2,5,पूजा,2.784,3.084
ivr-hi-0116,116,ann2,6,पाठ,3.085,3.345
ivr-hi-0116,116,ann2,7,करना,3.336,3.846
ivr-hi-0116,116,ann2,8,अपने,4.022,4.662
ivr-hi-0116,116,ann2,9,आराध्यों,5.026,5.506
ivr-hi-0116,116,ann2,10,की,5.494,5.734
ivr-hi-0116,116,ann2,11,पूजा,5.737,6.047
ivr-hi-0116,116,ann2,12,करना,6.038,6.558
ivr-hi-0116,116,ann2,13,देवी,6.749,6.999
ivr-hi-0116,116,ann2,14,देवताओं,7.0,7.44
ivr-hi-0116,116,ann2,15,की,7.443,7.623
ivr-hi-0116,116,ann2,16,पूजा,7.619,7.829
ivr-hi-0116,116,ann2,17,करना,7.828,8.418
ivr-hi-0117,117,ann1,0,बच्चे,0.004,0.314
ivr-hi-0117,117,ann1,1,का,0.325,0.495
ivr-hi-0117,117,ann1,2,जब,0.502,0.672
ivr-hi-0117,117,ann1,3,भी,0.678,0.848
ivr-hi-0117,117,ann1,4,छुएंगे,0.858,1.378
ivr-hi-0117,117,ann1,5,हम,1.384,1.574
ivr-hi-0117,117,ann1,6,अपना,1.738,2.008
ivr-hi-0117,117,ann1,7,हाथ,2.008,2.328
ivr-hi-0117,117,ann1,8,साबुन,2.456,2.736
ivr-hi-0117,117,ann1,9,से,2.745,2.885
ivr-hi-0117,117,ann1,10,अच्छी,2.891,3.091
ivr-hi-0117,117,ann1,11,तरह,3.088,3.238
ivr-hi-0117,117,ann1,12,से,3.239,3.389
ivr-hi-0117,117,ann1,13,वॉश,3.389,3.639
ivr-hi-0117,117,ann1,14,कर,3.714,3.894
ivr-hi-0117,117,ann1,15,लेंगे,3.9,4.17
ivr-hi-0117,117,ann1,16,तभी,4.318,4.598
ivr-hi-0117,117,ann1,17,छुएंगे,4.601,5.151
ivr-hi-0118,118,ann1,0,हमारे,0.005,0.435
ivr-hi-0118,118,ann1,1,घर,0.435,0.685
ivr-hi-0118,118,ann1,2,के,0.679,0.819
ivr-hi-0118,118,ann1,3,नजदीज,0.815,1.355
ivr-hi-0118,118,ann1,4,नजदीकी,1.348,2.288
ivr-hi-0118,118,ann1,5,प्रतिबिम,2.658,3.518
ivr-hi-0118,118,ann1,6,फाउलेशन,3.848,4.798
ivr-hi-0118,118,ann1,7,लाइब्रेरी,4.801,5.471
ivr-hi-0118,118,ann1,8,है,5.469,5.719
ivr-hi-0118,118,ann2,0,हमारे,0.0,0.447
ivr-hi-0118,118,ann2,1,घर,0.447,0.697
ivr-hi-0118,118,ann2,2,के,0.69,0.86
ivr-hi-0118,118,ann2,3,नजदीज,0.861,1.361
ivr-hi-0118,118,ann2,4,नजदीकी,1.359,2.339
ivr-hi-0118,118,ann2,5,प्रतिबिम,2.646,3.526
ivr-hi-0118,118,ann2,6,फाउलेशन,3.831,4.831
ivr-hi-0118,118,ann2,7,लाइब्रेरी,4.823,5.483
ivr-hi-0118,118,ann2,8,है,5.481,5.728
ivr-hi-0119,119,ann1,0,हाँ,0.0,0.31
ivr-hi-0119,119,ann1,1,क्योंकि,0.888,1.128
ivr-hi-0119,119,ann1,2,हमने,1.124,1.424
ivr-hi-0119,119,ann1,3,पैसा,1.42,1.97
ivr-hi-0119,119,ann1,4,आपका,1.965,3.325
ivr-hi-0119,119,ann1,5,पेमेंट,3.665,4.005
ivr-hi-0119,119,ann1,6,कर,3.997,4.247
ivr-hi-0119,119,ann1,7,दिए,4.251,4.521
ivr-hi-0119,119,ann1,8,हैं,4.524,4.804
ivr-hi-0119,119,ann1,9,हाँ,5.667,6.077
ivr-hi-0119,119,ann2,0,हाँ,0.011,0.431
ivr-hi-0119,119,ann2,1,क्योंकि,0.876,1.126
ivr-hi-0119,119,ann2,2,हमने,1.118,1.378
ivr-hi-0119,119,ann2,3,पैसा,1.378,2.058
ivr-hi-0119,119,ann2,4,आपका,2.065,3.245
ivr-hi-0119,119,ann2,5,पेमेंट,3.652,3.952
ivr-hi-0119,119,ann2,6,कर,3.949,4.199
ivr-hi-0119,119,ann2,7,दिए,4.197,4.527
ivr-hi-0119,119,ann2,8,हैं,4.53,4.85
ivr-hi-0119,119,ann2,9,हाँ,5.673,6.083
ivr-hi-0120,120,ann1,0,पूरा,0.0,0.437
ivr-hi-0120,120,ann1,1,पालन,0.65,1.04
ivr-hi-0120,120,ann1,2,पोषण,1.048,1.518
ivr-hi-0120,120,ann1,3,ध्यान,1.531,1.881
ivr-hi-0120,120,ann1,4,पढ़ाई,1.908,2.298
ivr-hi-0120,120,ann1,5,लिखाई,2.308,2.688
ivr-hi-0120,120,ann1,6,हर,2.701,2.821
ivr-hi-0120,120,ann1,7,चीज़,2.84,2.99
ivr-hi-0120,120,ann1,8,हमें,3.003,3.343
ivr-hi-0120,120,ann1,9,करनी,3.708,4.048
ivr-hi-0120,120,ann1,10,है,4.061,4.311
ivr-hi-0120,120,ann1,11,इसीलिए,4.635,5.025
ivr-hi-0120,120,ann1,12,हमें,5.033,5.253
ivr-hi-0120,120,ann1,13,बच्चे,5.249,5.539
ivr-hi-0120,120,ann1,14,के,5.54,5.63
ivr-hi-0120,120,ann1,15,साथ,5.632,5.882
ivr-hi-0120,120,ann1,16,कोई,5.915,6.045
ivr-hi-0120,120,ann1,17,लापरवाही,6.046,6.786
ivr-hi-0120,120,ann1,18,नहीं,6.973,7.243
ivr-hi-0120,120,ann1,19,करनी,7.257,7.617
ivr-hi-0120,120,ann1,20,है,7.609,7.744
ivr-hi-0120,120,ann2,0,पूरा,0.014,0.464
ivr-hi-0120,120,ann2,1,पालन,0.642,1.082
ivr-hi-0120,120,ann2,2,पोषण,1.079,1.529
ivr-hi-0120,120,ann2,3,ध्यान,1.531,1.931
ivr-hi-0120,120,ann2,4,पढ़ाई,1.93,2.31
ivr-hi-0120,120,ann2,5,लिखाई,2.305,2.655
ivr-hi-0120,120,ann2,6,हर,2.65,2.84
ivr-hi-0120,120,ann2,7,चीज़,2.834,3.004
ivr-hi-0120,120,ann2,8,हमें,3.003,3.403
ivr-hi-0120,120,ann2,9,करनी,3.7,4.1
ivr-hi-0120,120,ann2,10,है,4.091,4.341
ivr-hi-0120,120,ann2,11,इसीलिए,4.635,5.045
ivr-hi-0120,120,ann2,12,हमें,5.042,5.232
ivr-hi-0120,120,ann2,13,बच्चे,5.226,5.586
ivr-hi-0120,120,ann2,14,के,5.586,5.616
ivr-hi-0120,120,ann2,15,साथ,5.616,5.906
ivr-hi-0120,120,ann2,16,कोई,5.9,6.1
ivr-hi-0120,120,ann2,17,लापरवाही,6.099,6.829
ivr-hi-0120,120,ann2,18,नहीं,6.958,7.288
ivr-hi-0120,120,ann2,19,करनी,7.287,7.637
ivr-hi-0120,120,ann2,20,है,7.632,7.744
ivr-hi-0122,122,ann1,0,इसीलिए,0.062,0.642
ivr-hi-0122,122,ann1,1,माँ,0.644,1.194
ivr-hi-0122,122,ann1,2,को,1.189,1.389
ivr-hi-0122,122,ann1,3,ही,1.389,1.559
ivr-hi-0122,122,ann1,4,बच्चे,1.552,1.902
ivr-hi-0122,122,ann1,5,का,1.898,2.088
ivr-hi-0122,122,ann1,6,ध्यान,2.08,2.38
ivr-hi-0122,122,ann1,7,रखना,2.371,2.831
ivr-hi-0122,122,ann1,8,है,2.825,3.175
ivr-hi-0122,122,ann1,9,उसके,3.47,3.79
ivr-hi-0122,122,ann1,10,साथ,3.788,4.048
ivr-hi-0122,122,ann1,11,साथ,4.043,4.283
ivr-hi-0122,122,ann1,12,परिवार,4.279,4.689
ivr-hi-0122,122,ann1,13,को,4.688,4.838
ivr-hi-0122,122,ann1,14,भी,4.843,5.053
ivr-hi-0122,122,ann1,15,फर्ज़,5.052,5.282
ivr-hi-0122,122,ann1,16,बनता,5.279,5.669
ivr-hi-0122,122,ann1,17,है,5.67,5.92
ivr-hi-0122,122,ann1,18,कि,5.915,5.965
ivr-hi-0122,122,ann1,19,हमें,5.97,6.15
ivr-hi-0122,122,ann1,20,बच्चों,6.143,6.513
ivr-hi-0122,122,ann1,21,का,6.515,6.765
ivr-hi-0122,122,ann1,22,देख,7.095,7.335
ivr-hi-0122,122,ann1,23,रेख,7.333,7.623
ivr-hi-0122,122,ann1,24,करना,7.624,8.094
ivr-hi-0122,122,ann1,25,चाहिए,8.515,9.155
ivr-hi-0122,122,ann2,0,इसीलिए,0.062,0.622
ivr-hi-0122,122,ann2,1,माँ,0.616,1.176
ivr-hi-0122,122,ann2,2,को,1.18,1.35
ivr-hi-0122,122,ann2,3,ही,1.353,1.513
ivr-hi-0122,122,ann2,4,बच्चे,1.516,1.916
ivr-hi-0122,122,ann2,5,का,1.916,2.066
ivr-hi-0122,122,ann2,6,ध्यान,2.071,2.381
ivr-hi-0122,122,ann2,7,रखना,2.38,2.82
ivr-hi-0122,122,ann2,8,है,2.816,3.096
ivr-hi-0122,122,ann2,9,उसके,3.489,3.799
ivr-hi-0122,122,ann2,10,साथ,3.798,4.048
ivr-hi-0122,122,ann2,11,साथ,4.043,4.293
ivr-hi-0122,122,ann2,12,परिवार,4.288,4.728
ivr-hi-0122,122,ann2,13,को,4.725,4.835
ivr-hi-0122,122,ann2,14,भी,4.843,5.043
ivr-hi-0122,122,ann2,15,फर्ज़,5.043,5.253
ivr-hi-0122,122,ann2,16,बनता,5.252,5.632
ivr-hi-0122,122,ann2,17,है,5.634,5.894
ivr-hi-0122,122,ann2,18,कि,5.897,5.977
ivr-hi-0122,122,ann2,19,हमें,5.97,6.14
ivr-hi-0122,122,ann2,20,बच्चों,6.143,6.523
ivr-hi-0122,122,ann2,21,का,6.515,6.765
ivr-hi-0122,122,ann2,22,देख,6.988,7.318
ivr-hi-0122,122,ann2,23,रेख,7.315,7.615
ivr-hi-0122,122,ann2,24,करना,7.623,8.173
ivr-hi-0122,122,ann2,25,चाहिए,8.515,9.165
ivr-hi-0123,123,ann1,0,एक,0.01,0.38
ivr-hi-0123,123,ann1,1,जनवरी,0.38,1.04
ivr-hi-0123,123,ann1,2,दौ,1.058,1.338
ivr-hi-0123,123,ann1,3,हजार,1.344,1.784
ivr-hi-0123,123,ann1,4,बाईस,1.788,2.298
ivr-hi-0123,123,ann1,5,दौ,2.727,3.127
ivr-hi-0123,123,ann1,6,फरवरी,3.122,3.782
ivr-hi-0123,123,ann1,7,दौ,3.961,4.191
ivr-hi-0123,123,ann1,8,हजार,4.196,4.656
ivr-hi-0123,123,ann1,9,तेईस,4.653,5.213
ivr-hi-0123,123,ann1,10,तीन,5.641,5.921
ivr-hi-0123,123,ann1,11,मार्च,5.913,6.413
ivr-hi-0123,123,ann1,12,दौ,6.752,6.972
ivr-hi-0123,123,ann1,13,हजार,6.975,7.445
ivr-hi-0123,123,ann1,14,दौ,7.431,7.881
ivr-hi-0123,123,ann1,15,चार,8.234,8.544
ivr-hi-0123,123,ann1,16,अप्रेल,8.543,9.133
ivr-hi-0123,123,ann1,17,दौ,9.333,9.563
ivr-hi-0123,123,ann1,18,हजार,9.555,9.965
ivr-hi-0123,123,ann1,19,एक,9.963,10.383
ivr-hi-0123,123,ann1,20,पाँच,10.741,11.051
ivr-hi-0123,123,ann1,21,मई,11.05,11.56
ivr-hi-0123,123,ann1,22,दौ,11.716,11.966
ivr-hi-0123,123,ann1,23,हजार,11.963,12.403
ivr-hi-0124,124,ann1,0,जहाँ,0.0,0.36
ivr-hi-0124,124,ann1,1,हमें,0.352,0.762
ivr-hi-0124,124,ann1,2,अच्छी,0.924,1.224
ivr-hi-0124,124,ann1,3,अच्छी,1.218,1.598
ivr-hi-0124,124,ann1,4,बुक,1.654,1.994
ivr-hi-0124,124,ann1,5,मिलती,1.991,2.361
ivr-hi-0124,124,ann1,6,हैं,2.362,2.732
ivr-hi-0124,124,ann1,7,अनेक,2.903,3.153
ivr-hi-0124,124,ann1,8,प्रकार,3.15,3.41
ivr-hi-0124,124,ann1,9,की,3.413,3.663
ivr-hi-0124,124,ann1,10,पुस्तिका,3.66,4.34
ivr-hi-0124,124,ann1,11,मिलती,4.34,4.87
ivr-hi-0124,124,ann1,12,हैं,4.866,5.116
ivr-hi-0124,124,ann1,13,वहाँ,5.515,5.795
ivr-hi-0124,124,ann1,14,पे,5.793,6.083
ivr-hi-0124,124,ann1,15,कई,6.319,6.559
ivr-hi-0124,124,ann1,16,तरह,6.566,6.816
ivr-hi-0124,124,ann1,17,की,6.813,6.893
ivr-hi-0124,124,ann1,18,समाचारे,6.89,7.6
ivr-hi-0124,124,ann1,19,बुक,7.617,7.867
ivr-hi-0124,124,ann1,20,मिलती,7.864,8.294
ivr-hi-0124,124,ann1,21,हैं,8.331,8.521
ivr-hi-0124,124,ann1,22,जहाँ,8.529,8.779
ivr-hi-0124,124,ann1,23,कि,8.776,8.876
ivr-hi-0124,124,ann1,24,हम,8.869,9.129
ivr-hi-0124,124,ann1,25,दूर,9.147,9.347
ivr-hi-0124,124,ann1,26,दूर,9.348,9.558
ivr-hi-0124,124,ann1,27,की,9.549,9.769
ivr-hi-0124,124,ann1,28,खबर,9.765,10.085
ivr-hi-0124,124,ann1,29,ले,10.09,10.29
ivr-hi-0124,124,ann1,30,पाते,10.275,10.685
ivr-hi-0124,124,ann1,31,हैं,10.693,10.943
ivr-hi-0124,124,ann1,32,वहाँ,11.326,11.726
ivr-hi-0124,124,ann1,33,साफ,11.96,12.21
ivr-hi-0124,124,ann1,34,सफाई,12.192,12.622
ivr-hi-0124,124,ann1,35,का,12.657,12.767
ivr-hi-0124,124,ann1,36,बहुत,12.764,13.104
ivr-hi-0124,124,ann1,37,ध्यान,13.104,13.404
ivr-hi-0124,124,ann1,38,रखा,13.398,13.688
ivr-hi-0124,124,ann1,39,जाता,13.676,14.116
ivr-hi-0124,124,ann1,40,है,14.109,14.359
ivr-hi-0124,124,ann1,41,उहाँ,14.356,14.656
ivr-hi-0124,124,ann1,42,की,14.665,14.815
ivr-hi-0124,124,ann1,43,दुकान,14.804,15.224
ivr-hi-0124,124,ann1,44,साफ,15.221,15.611
ivr-hi-0124,124,ann2,0,जहाँ,0.0,0.4
ivr-hi-0124,124,ann2,1,हमें,0.393,0.793
ivr-hi-0124,124,ann2,2,अच्छी,0.893,1.263
ivr-hi-0124,124,ann2,3,अच्छी,1.249,1.679
ivr-hi-0124,124,ann2,4,बुक,1.682,1.882
ivr-hi-0124,124,ann2,5,मिलती,1.867,2.397
ivr-hi-0124,124,ann2,6,हैं,2.377,2.727
ivr-hi-0124,124,ann2,7,अनेक,2.918,3.178
ivr-hi-0124,124,ann2,8,प्रकार,3.165,3.515
ivr-hi-0124,124,ann2,9,की,3.506,3.686
ivr-hi-0124,124,ann2,10,पुस्तिका,3.706,4.406
ivr-hi-0124,124,ann2,11,मिलती,4.402,4.812
ivr-hi-0124,124,ann2,12,हैं,4.804,5.134
ivr-hi-0124,124,ann2,13,वहाँ,5.515,5.795
ivr-hi-0124,124,ann2,14,पे,5.793,6.203
ivr-hi-0124,124,ann2,15,कई,6.21,6.55
ivr-hi-0124,124,ann2,16,तरह,6.535,6.795
ivr-hi-0124,124,ann2,17,की,6.767,6.907
ivr-hi-0124,124,ann2,18,समाचारे,6.906,7.646
ivr-hi-0124,124,ann2,19,बुक,7.632,7.872
ivr-hi-0124,124,ann2,20,मिलती,7.864,8.304
ivr-hi-0124,124,ann2,21,हैं,8.297,8.517
ivr-hi-0124,124,ann2,22,जहाँ,8.513,8.793
ivr-hi-0124,124,ann2,23,कि,8.792,8.912
ivr-hi-0124,124,ann2,24,हम,8.9,9.12
ivr-hi-0124,124,ann2,25,दूर,9.116,9.376
ivr-hi-0124,124,ann2,26,दूर,9.348,9.608
ivr-hi-0124,124,ann2,27,की,9.595,9.815
ivr-hi-0124,124,ann2,28,खबर,9.812,10.092
ivr-hi-0124,124,ann2,29,ले,10.09,10.32
ivr-hi-0124,124,ann2,30,पाते,10.306,10.696
ivr-hi-0124,124,ann2,31,हैं,10.662,10.912
ivr-hi-0124,124,ann2,32,वहाँ,11.311,11.861
ivr-hi-0124,124,ann2,33,साफ,11.852,12.232
ivr-hi-0124,124,ann2,34,सफाई,12.223,12.633
ivr-hi-0124,124,ann2,35,का,12.625,12.795
ivr-hi-0124,124,ann2,36,बहुत,12.81,13.08
ivr-hi-0124,124,ann2,37,ध्यान,13.088,13.408
ivr-hi-0124,124,ann2,38,रखा,13.398,13.738
ivr-hi-0124,124,ann2,39,जाता,13.738,14.148
ivr-hi-0124,124,ann2,40,है,14.124,14.394
ivr-hi-0124,124,ann2,41,उहाँ,14.387,14.737
ivr-hi-0124,124,ann2,42,की,14.727,14.857
ivr-hi-0124,124,ann2,43,दुकान,14.866,15.236
ivr-hi-0124,124,ann2,44,साफ,15.221,15.601
